/*
Navicat MySQL Data Transfer

Source Server         : localhost
Source Server Version : 50519
Source Host           : localhost:3306
Source Database       : db_ruyi

Target Server Type    : MYSQL
Target Server Version : 50519
File Encoding         : 65001

Date: 2018-06-27 21:02:10
*/

SET FOREIGN_KEY_CHECKS=0;
-- ----------------------------
-- Table structure for `act_evt_log`
-- ----------------------------
DROP TABLE IF EXISTS `act_evt_log`;
CREATE TABLE `act_evt_log` (
  `LOG_NR_` bigint(20) NOT NULL AUTO_INCREMENT,
  `TYPE_` varchar(64) COLLATE utf8_bin DEFAULT NULL,
  `PROC_DEF_ID_` varchar(64) COLLATE utf8_bin DEFAULT NULL,
  `PROC_INST_ID_` varchar(64) COLLATE utf8_bin DEFAULT NULL,
  `EXECUTION_ID_` varchar(64) COLLATE utf8_bin DEFAULT NULL,
  `TASK_ID_` varchar(64) COLLATE utf8_bin DEFAULT NULL,
  `TIME_STAMP_` timestamp NOT NULL DEFAULT CURRENT_TIMESTAMP ON UPDATE CURRENT_TIMESTAMP,
  `USER_ID_` varchar(255) COLLATE utf8_bin DEFAULT NULL,
  `DATA_` longblob,
  `LOCK_OWNER_` varchar(255) COLLATE utf8_bin DEFAULT NULL,
  `LOCK_TIME_` timestamp NULL DEFAULT NULL,
  `IS_PROCESSED_` tinyint(4) DEFAULT '0',
  PRIMARY KEY (`LOG_NR_`)
) ENGINE=InnoDB DEFAULT CHARSET=utf8 COLLATE=utf8_bin;

-- ----------------------------
-- Records of act_evt_log
-- ----------------------------

-- ----------------------------
-- Table structure for `act_ge_bytearray`
-- ----------------------------
DROP TABLE IF EXISTS `act_ge_bytearray`;
CREATE TABLE `act_ge_bytearray` (
  `ID_` varchar(64) COLLATE utf8_bin NOT NULL DEFAULT '',
  `REV_` int(11) DEFAULT NULL,
  `NAME_` varchar(255) COLLATE utf8_bin DEFAULT NULL,
  `DEPLOYMENT_ID_` varchar(64) COLLATE utf8_bin DEFAULT NULL,
  `BYTES_` longblob,
  `GENERATED_` tinyint(4) DEFAULT NULL,
  PRIMARY KEY (`ID_`),
  KEY `ACT_FK_BYTEARR_DEPL` (`DEPLOYMENT_ID_`),
  CONSTRAINT `ACT_FK_BYTEARR_DEPL` FOREIGN KEY (`DEPLOYMENT_ID_`) REFERENCES `act_re_deployment` (`ID_`)
) ENGINE=InnoDB DEFAULT CHARSET=utf8 COLLATE=utf8_bin;

-- ----------------------------
-- Records of act_ge_bytearray
-- ----------------------------
INSERT INTO act_ge_bytearray VALUES ('2', '1', 'ruyi_xiaoshou01.bpmn', '1', 0x3C3F786D6C2076657273696F6E3D22312E302220656E636F64696E673D225554462D38223F3E0A3C646566696E6974696F6E7320786D6C6E733D22687474703A2F2F7777772E6F6D672E6F72672F737065632F42504D4E2F32303130303532342F4D4F44454C2220786D6C6E733A7873693D22687474703A2F2F7777772E77332E6F72672F323030312F584D4C536368656D612D696E7374616E63652220786D6C6E733A7873643D22687474703A2F2F7777772E77332E6F72672F323030312F584D4C536368656D612220786D6C6E733A61637469766974693D22687474703A2F2F61637469766974692E6F72672F62706D6E2220786D6C6E733A62706D6E64693D22687474703A2F2F7777772E6F6D672E6F72672F737065632F42504D4E2F32303130303532342F44492220786D6C6E733A6F6D6764633D22687474703A2F2F7777772E6F6D672E6F72672F737065632F44442F32303130303532342F44432220786D6C6E733A6F6D6764693D22687474703A2F2F7777772E6F6D672E6F72672F737065632F44442F32303130303532342F44492220747970654C616E67756167653D22687474703A2F2F7777772E77332E6F72672F323030312F584D4C536368656D61222065787072657373696F6E4C616E67756167653D22687474703A2F2F7777772E77332E6F72672F313939392F585061746822207461726765744E616D6573706163653D22687474703A2F2F7777772E61637469766974692E6F72672F74657374223E0A20203C70726F636573732069643D227869616F73686F7522206E616D653D22E99480E594AE2220697345786563757461626C653D2274727565223E0A202020203C73746172744576656E742069643D2273746172746576656E743222206E616D653D225374617274223E3C2F73746172744576656E743E0A202020203C656E644576656E742069643D22656E646576656E743122206E616D653D22456E64223E3C2F656E644576656E743E0A202020203C757365725461736B2069643D22757365727461736B3122206E616D653D22E5889BE5BBBAE99480E594AE223E3C2F757365725461736B3E0A202020203C757365725461736B2069643D22757365727461736B3222206E616D653D22E7AEA1E79086222061637469766974693A63616E64696461746547726F7570733D22676C222061637469766974693A666F726D4B65793D222F72656E77752F7761702F6C6173745F62616E6C692E68746D6C223E3C2F757365725461736B3E0A202020203C757365725461736B2069643D22757365727461736B3322206E616D653D22E5AE89E8A385222061637469766974693A63616E64696461746547726F7570733D22617A222061637469766974693A666F726D4B65793D222F72656E77752F7761702F62616E6C692E68746D6C223E3C2F757365725461736B3E0A202020203C757365725461736B2069643D22757365727461736B3422206E616D653D22E7AEA1E79086222061637469766974693A63616E64696461746547726F7570733D22676C222061637469766974693A666F726D4B65793D222F72656E77752F7761702F6C6173745F62616E6C692E68746D6C223E3C2F757365725461736B3E0A202020203C73657175656E6365466C6F772069643D22666C6F77312220736F757263655265663D2273746172746576656E743222207461726765745265663D22757365727461736B31223E3C2F73657175656E6365466C6F773E0A202020203C73657175656E6365466C6F772069643D22666C6F77322220736F757263655265663D22757365727461736B3122207461726765745265663D226578636C75736976656761746577617931223E0A2020202020203C636F6E646974696F6E45787072657373696F6E207873693A747970653D2274466F726D616C45787072657373696F6E223E3C215B43444154415B247B6D73673D3D27E9809AE8BF87277D5D5D3E3C2F636F6E646974696F6E45787072657373696F6E3E0A202020203C2F73657175656E6365466C6F773E0A202020203C6578636C7573697665476174657761792069643D226578636C7573697665676174657761793122206E616D653D224578636C75736976652047617465776179223E3C2F6578636C7573697665476174657761793E0A202020203C73657175656E6365466C6F772069643D22666C6F773322206E616D653D22E5AE89E8A3852220736F757263655265663D226578636C7573697665676174657761793122207461726765745265663D22757365727461736B33223E0A2020202020203C636F6E646974696F6E45787072657373696F6E207873693A747970653D2274466F726D616C45787072657373696F6E223E3C215B43444154415B247B696E7374616C6C5F3D3D27E5AE89E8A385277D5D5D3E3C2F636F6E646974696F6E45787072657373696F6E3E0A202020203C2F73657175656E6365466C6F773E0A202020203C73657175656E6365466C6F772069643D22666C6F77342220736F757263655265663D22757365727461736B3322207461726765745265663D22757365727461736B34223E0A2020202020203C636F6E646974696F6E45787072657373696F6E207873693A747970653D2274466F726D616C45787072657373696F6E223E3C215B43444154415B247B6D73673D3D27E9809AE8BF87277D5D5D3E3C2F636F6E646974696F6E45787072657373696F6E3E0A202020203C2F73657175656E6365466C6F773E0A202020203C73657175656E6365466C6F772069643D22666C6F77352220736F757263655265663D22757365727461736B3422207461726765745265663D22656E646576656E7431223E3C2F73657175656E6365466C6F773E0A202020203C73657175656E6365466C6F772069643D22666C6F773622206E616D653D22E4B88DE5AE89E8A3852220736F757263655265663D226578636C7573697665676174657761793122207461726765745265663D22757365727461736B32223E0A2020202020203C636F6E646974696F6E45787072657373696F6E207873693A747970653D2274466F726D616C45787072657373696F6E223E3C215B43444154415B247B696E7374616C6C5F3D3D27E4B88DE5AE89E8A385277D5D5D3E3C2F636F6E646974696F6E45787072657373696F6E3E0A202020203C2F73657175656E6365466C6F773E0A202020203C73657175656E6365466C6F772069643D22666C6F77372220736F757263655265663D22757365727461736B3222207461726765745265663D22656E646576656E7431223E3C2F73657175656E6365466C6F773E0A202020203C73657175656E6365466C6F772069643D22666C6F773822206E616D653D22E9A9B3E59B9E2220736F757263655265663D22757365727461736B3422207461726765745265663D22757365727461736B33223E0A2020202020203C636F6E646974696F6E45787072657373696F6E207873693A747970653D2274466F726D616C45787072657373696F6E223E3C215B43444154415B247B6D73673D3D27E9A9B3E59B9E277D5D5D3E3C2F636F6E646974696F6E45787072657373696F6E3E0A202020203C2F73657175656E6365466C6F773E0A202020203C73657175656E6365466C6F772069643D22666C6F773922206E616D653D22E585B3E997AD20E9A9B3E59B9E2220736F757263655265663D22757365727461736B3322207461726765745265663D22656E646576656E7431223E0A2020202020203C636F6E646974696F6E45787072657373696F6E207873693A747970653D2274466F726D616C45787072657373696F6E223E3C215B43444154415B247B6D73673D3D27E9A9B3E59B9E277C7C6D73673D3D27E585B3E997AD277D5D5D3E3C2F636F6E646974696F6E45787072657373696F6E3E0A202020203C2F73657175656E6365466C6F773E0A20203C2F70726F636573733E0A20203C62706D6E64693A42504D4E4469616772616D2069643D2242504D4E4469616772616D5F7869616F73686F75223E0A202020203C62706D6E64693A42504D4E506C616E652062706D6E456C656D656E743D227869616F73686F75222069643D2242504D4E506C616E655F7869616F73686F75223E0A2020202020203C62706D6E64693A42504D4E53686170652062706D6E456C656D656E743D2273746172746576656E7432222069643D2242504D4E53686170655F73746172746576656E7432223E0A20202020202020203C6F6D6764633A426F756E6473206865696768743D2234312E30222077696474683D2234312E302220783D223232302E302220793D2232302E30223E3C2F6F6D6764633A426F756E64733E0A2020202020203C2F62706D6E64693A42504D4E53686170653E0A2020202020203C62706D6E64693A42504D4E53686170652062706D6E456C656D656E743D22656E646576656E7431222069643D2242504D4E53686170655F656E646576656E7431223E0A20202020202020203C6F6D6764633A426F756E6473206865696768743D2234312E30222077696474683D2234312E302220783D223232302E302220793D223630302E30223E3C2F6F6D6764633A426F756E64733E0A2020202020203C2F62706D6E64693A42504D4E53686170653E0A2020202020203C62706D6E64693A42504D4E53686170652062706D6E456C656D656E743D22757365727461736B31222069643D2242504D4E53686170655F757365727461736B31223E0A20202020202020203C6F6D6764633A426F756E6473206865696768743D2236312E30222077696474683D223133312E302220783D223137352E302220793D223131322E30223E3C2F6F6D6764633A426F756E64733E0A2020202020203C2F62706D6E64693A42504D4E53686170653E0A2020202020203C62706D6E64693A42504D4E53686170652062706D6E456C656D656E743D22757365727461736B32222069643D2242504D4E53686170655F757365727461736B32223E0A20202020202020203C6F6D6764633A426F756E6473206865696768743D2236312E30222077696474683D223133312E302220783D2238342E302220793D223333302E30223E3C2F6F6D6764633A426F756E64733E0A2020202020203C2F62706D6E64693A42504D4E53686170653E0A2020202020203C62706D6E64693A42504D4E53686170652062706D6E456C656D656E743D22757365727461736B33222069643D2242504D4E53686170655F757365727461736B33223E0A20202020202020203C6F6D6764633A426F756E6473206865696768743D2236312E30222077696474683D223133312E302220783D223330352E302220793D223333302E30223E3C2F6F6D6764633A426F756E64733E0A2020202020203C2F62706D6E64693A42504D4E53686170653E0A2020202020203C62706D6E64693A42504D4E53686170652062706D6E456C656D656E743D22757365727461736B34222069643D2242504D4E53686170655F757365727461736B34223E0A20202020202020203C6F6D6764633A426F756E6473206865696768743D2236312E30222077696474683D223134312E302220783D223330302E302220793D223433302E30223E3C2F6F6D6764633A426F756E64733E0A2020202020203C2F62706D6E64693A42504D4E53686170653E0A2020202020203C62706D6E64693A42504D4E53686170652062706D6E456C656D656E743D226578636C75736976656761746577617931222069643D2242504D4E53686170655F6578636C75736976656761746577617931223E0A20202020202020203C6F6D6764633A426F756E6473206865696768743D2234302E30222077696474683D2234302E302220783D223232302E302220793D223232302E30223E3C2F6F6D6764633A426F756E64733E0A2020202020203C2F62706D6E64693A42504D4E53686170653E0A2020202020203C62706D6E64693A42504D4E456467652062706D6E456C656D656E743D22666C6F7731222069643D2242504D4E456467655F666C6F7731223E0A20202020202020203C6F6D6764693A776179706F696E7420783D223234302E302220793D2236312E30223E3C2F6F6D6764693A776179706F696E743E0A20202020202020203C6F6D6764693A776179706F696E7420783D223234302E302220793D223131322E30223E3C2F6F6D6764693A776179706F696E743E0A2020202020203C2F62706D6E64693A42504D4E456467653E0A2020202020203C62706D6E64693A42504D4E456467652062706D6E456C656D656E743D22666C6F7732222069643D2242504D4E456467655F666C6F7732223E0A20202020202020203C6F6D6764693A776179706F696E7420783D223234302E302220793D223137332E30223E3C2F6F6D6764693A776179706F696E743E0A20202020202020203C6F6D6764693A776179706F696E7420783D223234302E302220793D223232302E30223E3C2F6F6D6764693A776179706F696E743E0A2020202020203C2F62706D6E64693A42504D4E456467653E0A2020202020203C62706D6E64693A42504D4E456467652062706D6E456C656D656E743D22666C6F7733222069643D2242504D4E456467655F666C6F7733223E0A20202020202020203C6F6D6764693A776179706F696E7420783D223234302E302220793D223236302E30223E3C2F6F6D6764693A776179706F696E743E0A20202020202020203C6F6D6764693A776179706F696E7420783D223337302E302220793D223333302E30223E3C2F6F6D6764693A776179706F696E743E0A20202020202020203C62706D6E64693A42504D4E4C6162656C3E0A202020202020202020203C6F6D6764633A426F756E6473206865696768743D2231342E30222077696474683D223130302E302220783D223238322E302220793D223237352E30223E3C2F6F6D6764633A426F756E64733E0A20202020202020203C2F62706D6E64693A42504D4E4C6162656C3E0A2020202020203C2F62706D6E64693A42504D4E456467653E0A2020202020203C62706D6E64693A42504D4E456467652062706D6E456C656D656E743D22666C6F7734222069643D2242504D4E456467655F666C6F7734223E0A20202020202020203C6F6D6764693A776179706F696E7420783D223337302E302220793D223339312E30223E3C2F6F6D6764693A776179706F696E743E0A20202020202020203C6F6D6764693A776179706F696E7420783D223337302E302220793D223433302E30223E3C2F6F6D6764693A776179706F696E743E0A2020202020203C2F62706D6E64693A42504D4E456467653E0A2020202020203C62706D6E64693A42504D4E456467652062706D6E456C656D656E743D22666C6F7735222069643D2242504D4E456467655F666C6F7735223E0A20202020202020203C6F6D6764693A776179706F696E7420783D223337302E302220793D223439312E30223E3C2F6F6D6764693A776179706F696E743E0A20202020202020203C6F6D6764693A776179706F696E7420783D223234302E302220793D223630302E30223E3C2F6F6D6764693A776179706F696E743E0A2020202020203C2F62706D6E64693A42504D4E456467653E0A2020202020203C62706D6E64693A42504D4E456467652062706D6E456C656D656E743D22666C6F7736222069643D2242504D4E456467655F666C6F7736223E0A20202020202020203C6F6D6764693A776179706F696E7420783D223234302E302220793D223236302E30223E3C2F6F6D6764693A776179706F696E743E0A20202020202020203C6F6D6764693A776179706F696E7420783D223134392E302220793D223333302E30223E3C2F6F6D6764693A776179706F696E743E0A20202020202020203C62706D6E64693A42504D4E4C6162656C3E0A202020202020202020203C6F6D6764633A426F756E6473206865696768743D2231342E30222077696474683D223130302E302220783D223138302E302220793D223237302E30223E3C2F6F6D6764633A426F756E64733E0A20202020202020203C2F62706D6E64693A42504D4E4C6162656C3E0A2020202020203C2F62706D6E64693A42504D4E456467653E0A2020202020203C62706D6E64693A42504D4E456467652062706D6E456C656D656E743D22666C6F7737222069643D2242504D4E456467655F666C6F7737223E0A20202020202020203C6F6D6764693A776179706F696E7420783D223134392E302220793D223339312E30223E3C2F6F6D6764693A776179706F696E743E0A20202020202020203C6F6D6764693A776179706F696E7420783D223234302E302220793D223630302E30223E3C2F6F6D6764693A776179706F696E743E0A2020202020203C2F62706D6E64693A42504D4E456467653E0A2020202020203C62706D6E64693A42504D4E456467652062706D6E456C656D656E743D22666C6F7738222069643D2242504D4E456467655F666C6F7738223E0A20202020202020203C6F6D6764693A776179706F696E7420783D223434312E302220793D223436302E30223E3C2F6F6D6764693A776179706F696E743E0A20202020202020203C6F6D6764693A776179706F696E7420783D223437312E302220793D223435392E30223E3C2F6F6D6764693A776179706F696E743E0A20202020202020203C6F6D6764693A776179706F696E7420783D223437312E302220793D223336312E30223E3C2F6F6D6764693A776179706F696E743E0A20202020202020203C6F6D6764693A776179706F696E7420783D223433362E302220793D223336302E30223E3C2F6F6D6764693A776179706F696E743E0A20202020202020203C62706D6E64693A42504D4E4C6162656C3E0A202020202020202020203C6F6D6764633A426F756E6473206865696768743D2231342E30222077696474683D223130302E302220783D223436382E302220793D223339332E30223E3C2F6F6D6764633A426F756E64733E0A20202020202020203C2F62706D6E64693A42504D4E4C6162656C3E0A2020202020203C2F62706D6E64693A42504D4E456467653E0A2020202020203C62706D6E64693A42504D4E456467652062706D6E456C656D656E743D22666C6F7739222069643D2242504D4E456467655F666C6F7739223E0A20202020202020203C6F6D6764693A776179706F696E7420783D223433362E302220793D223336302E30223E3C2F6F6D6764693A776179706F696E743E0A20202020202020203C6F6D6764693A776179706F696E7420783D223638302E302220793D223336302E30223E3C2F6F6D6764693A776179706F696E743E0A20202020202020203C6F6D6764693A776179706F696E7420783D223638302E302220793D223632302E30223E3C2F6F6D6764693A776179706F696E743E0A20202020202020203C6F6D6764693A776179706F696E7420783D223236312E302220793D223632302E30223E3C2F6F6D6764693A776179706F696E743E0A20202020202020203C62706D6E64693A42504D4E4C6162656C3E0A202020202020202020203C6F6D6764633A426F756E6473206865696768743D2231342E30222077696474683D223130302E302220783D223636392E302220793D223430352E30223E3C2F6F6D6764633A426F756E64733E0A20202020202020203C2F62706D6E64693A42504D4E4C6162656C3E0A2020202020203C2F62706D6E64693A42504D4E456467653E0A202020203C2F62706D6E64693A42504D4E506C616E653E0A20203C2F62706D6E64693A42504D4E4469616772616D3E0A3C2F646566696E6974696F6E733E, '0');
INSERT INTO act_ge_bytearray VALUES ('3', '1', 'ruyi_xiaoshou01.png', '1', 0xEFBFBD504E470D0A1A0A0000000D4948445200000462000002EFBFBD08020000001269EFBFBD4600004A424944415478EFBFBDEFBFBDEFBFBD7F6CEFBFBDEFBFBD7D1F7EEFBFBDEFBFBDEFBFBD5BEFBFBD206AEFBFBDEFBFBD74EFBFBDEFBFBD4C0BEFBFBD42EFBFBDE498B5EFBFBDEFBFBDEFBFBDD0A3132CEFBFBD6159436069EFBFBD65EFBFBD4B6C40EFBFBD205D270C58EFBFBD6C6B6F58EFBFBD69EFBFBDEFBFBD09EFBFBD66EFBFBDEFBFBD232EEFBFBDEFBFBDEFBFBDEFBFBDC289EFBFBD3A1EEFBFBDEFBFBD5235EFBFBD5DEFBFBD3FEFBFBD721C274CEFBFBD6BEFBFBDEFBFBD47EFBFBDEFBFBD47EFBFBDEFBFBD6CEFBFBDEFBFBDEFBFBDEFBFBDEFBFBDEFBFBD2857EFBFBD513FEFBFBD2351EFBFBDEFBFBDEFBFBDEFBFBDEFBFBDEFBFBDEFBFBD0B07EFBFBD44522FEFBFBD6FEFBFBDEFBFBDEFBFBD34EFBFBDEFBFBD70EFBFBD0B0000EFBFBD1613EFBFBD1B000000481631090000EFBFBD3262120000EFBFBD65EFBFBD240000EFBFBDCB8849000000EFBFBD11EFBFBD0000002E23260100005C464C020000EFBFBDEFBFBDEFBFBD040000701931090000EFBFBD3262120000EFBFBD65EFBFBD240000EFBFBDCB8849000000EFBFBD11EFBFBD0000002E23260100005C464C020000EFBFBDEFBFBDEFBFBD040000701931090000EFBFBD3262120000EFBFBD65EFBFBD24D2ADEFBFBD6C2E2E2EEFBFBD3871EFBFBD52EFBFBDEFBFBDEFBFBD5AEFBFBD5CEFBFBDEFBFBD333F3FEFBFBD68344237080040EFBFBDEFBFBD49EFBFBD52EFBFBDEFBFBDEFBFBDEFBFBDE6A6A6EFBFBDEFBFBDEFBFBDEFBFBDEFBFBDEFBFBDEFBFBD6FEFBFBDEFBFBD6FEFBFBD7EEFBFBD17EFBFBD3AEFBFBDEFBFBDEFBFBDEFBFBDEFBFBDEFBFBD7746EFBFBDEFBFBDEFBFBD27EFBFBDEFBFBDEFBFBD0556575743EFBFBD0C00406AEFBFBD49EFBFBD4CEFBFBDD58A624F147EEFBFBDEFBFBDEFBFBDEFBFBDEFBFBDEFBFBDEFBFBD5FD8BB1E3B7DEFBFBDEFBFBD7EEFBFBDEFBFBDEFBFBD62EFBFBD52EFBFBD44EFBFBD2A74EFBFBD0000EFBFBDEFBFBDEFBFBD44EFBFBDEFBFBD3871220A4851EFBFBD623AEFBFBD5EEFBFBDEFBFBDEFBFBDEFBFBDEFBFBDEFBFBDEFBFBDEFBFBDEFBFBD763AEFBFBDEFBFBDEFBFBD0300EFBFBD4413EFBFBD48EFBFBD76EFBFBD5DEFBFBD54EFBFBDEFBFBDEFBFBDC299170FEFBFBDEFBFBD36EFBFBD3EEFBFBDEFBFBD52EFBFBDEFBFBD6AEFBFBD42EFBFBD210000EFBFBD4B4C2205EFBFBDEFBFBD66EFBFBD6DEFBFBDEFBFBDEFBFBD0709481B75EFBFBD3DEFBFBD16EFBFBDC5B5EFBFBDEFBFBDEFBFBD770B00EFBFBDEFBFBD12EFBFBD48EFBFBD2823150AEFBFBD28EFBFBD1C4A46EFBFBD386029EFBFBD5DEFBFBD1200003B12EFBFBD48EFBFBD76EFBFBD5D2C161BEFBFBDEFBFBD2166EFBFBDEFBFBD7AEFBFBDEFBFBD27EFBFBD5B7652070000EFBFBD13EFBFBD48EFBFBD72EFBFBD5CEFBFBDEFBFBD0F3D23EFBFBDEFBFBD030FEFBFBDEFBFBDEFBFBDEFBFBD333A0000EFBFBD474C22EFBFBDEFBFBDEFBFBDEFBFBDEFBFBDEFBFBDE78794EFBFBDEFBFBDEFBFBDEFBFBDEFBFBDEFBFBDEFBFBDEFBFBD74EFBFBD3B0A0040EFBFBDEFBFBD492454EFBFBDEFBFBDEFBFBDEFBFBDEFBFBD03EFBFBDEFBFBD2E4E1D3D7AEFBFBD414A00006C2526EFBFBD50EFBFBD6AEFBFBD0BEFBFBDEFBFBD3AEFBFBD14EFBFBD5D27EFBFBD7AEFBFBDD8B1EFBFBD771700EFBFBD0411EFBFBD48EFBFBDEFBFBDEFBFBDEFBFBD42EFBFBD30EFBFBDEFBFBDEFBFBD5EEFBFBDEFBFBDEFBFBD0F2E2F2FEFBFBDEFBFBDEFBFBD000024EFBFBDEFBFBD4412EFBFBDEFBFBDEFBFBD2E2C2CEFBFBD2C26EFBFBDEFBFBDEFBFBD3BEFBFBDEFBFBD72EFBFBD3B0D004052EFBFBD4924513EEFBFBD7FEFBFBDEFBFBDEFBFBDC5A417CEBC383939EFBFBD770000EFBFBD13EFBFBD48EFBFBD46EFBFBD31353535EFBFBDEFBFBDEFBFBD5E1FEFBFBDEFBFBDE6A5A5EFBFBDEFBFBD771D00EFBFBD4410EFBFBD48EFBFBDEFBFBDEFBFBDEFBFBDEFBFBDEFBFBDEFBFBD11C7A42FEFBFBD7A6BEFBFBD5A0D7DEFBFBD0100480431EFBFBDC499EFBFBDEFBFBDEFBFBDEFBFBDEFBFBDEFBFBDEFBFBDEFBFBD63EFBFBDEFBFBDEFBFBD0100EFBFBD414C2271EFBFBDEFBFBDEFBFBD1D5FEFBFBD73EFBFBD31EFBFBDD3A7EFBFBDEFBFBD3E1FEFBFBDEFBFBD0300EFBFBD086212EFBFBD5328141E78EFBFBDD48863EFBFBD0B675E3C72EFBFBD48EFBFBD0E004022EFBFBD49244E2EEFBFBD7BEFBFBDEFBFBD27471CEFBFBDEFBFBDEFBFBDEFBFBDEFBFBD030000EFBFBDEFBFBD0B49EFBFBDEFBFBDEFBFBDEFBFBD6F3CEFBFBDEFBFBDEFBFBD04004028EFBFBD4212EFBFBD542AEFBFBD75EFBFBD23EFBFBD48EFBFBD4D020060EFBFBDEFBFBD44EFBFBD54EFBFBDEFBFBD2FEFBFBD7AEFBFBD63EFBFBDEFBFBDEFBFBDEFBFBD7BEFBFBD37EFBFBDEFBFBDEFBFBD000024EFBFBDEFBFBD44EFBFBD3871EFBFBD377EEFBFBD37471CEFBFBDEFBFBDEFBFBDEFBFBDC78F1F0F7DEFBFBD0100480431EFBFBDEFBFBD5959593976EFBFBDD88863EFBFBD473FEFBFBDEFBFBDEFBFBDEFBFBDEFBFBD0F7DEFBFBD0100480431EFBFBDEFBFBDEFBFBD743AEFBFBD5CEFBFBDEFBFBD67EFBFBD1D654CEFBFBDEFBFBDEFBFBD7CEFBFBDEFBFBD0C7DEFBFBD0100480431EFBFBD24EFBFBDEFBFBDEFBFBDEFBFBDEFBFBDEFBFBD31EFBFBDEFBFBDEFBFBDEFBFBD240000EFBFBD12EFBFBD48EFBFBDEFBFBDEFBFBDEFBFBD5FEFBFBDEFBFBD074716EFBFBD7EEFBFBDEFBFBDEFBFBDEFBFBD6F7DEFBFBDEFBFBDEFBFBDEFBFBD340000492126EFBFBD50EFBFBD42EFBFBD074FEFBFBD20233DEFBFBDC493EFBFBD5FEFBFBDEFBFBD743AEFBFBDEFBFBD310000492126EFBFBD50EFBFBDEFBFBDEFBFBD37EFBFBD78EFBFBD0862EFBFBD2F7DEFBFBDEFBFBDEFBFBDEFBFBDEFBFBDEFBFBDEFBFBD771700EFBFBD0411EFBFBD48EFBFBD4AEFBFBD1205EFBFBDEFBFBD66EFBFBD071E3C75EFBFBDEFBFBDEFBFBDEFBFBD771400EFBFBD6411EFBFBD48EFBFBD76EFBFBD1D65EFBFBDEFBFBD4EEFBFBD1E52467AEFBFBDEFBFBD67EFBFBD6F3FEFBFBD1D05002059EFBFBD2412EFBFBDEFBFBD68EFBFBD78EFBFBDEFBFBD3839EFBFBD0B675E3C7EEFBFBDEFBFBD5D27EFBFBD1AEFBFBD2E0200EFBFBD3862124957EFBFBDD7A33C73EFBFBD4929EFBFBD48EFBFBDEFBFBDEFBFBD2B5FEFBFBDEFBFBDEFBFBDEFBFBD770E00EFBFBD2412EFBFBD48EFBFBDEFBFBDEFBFBDEFBFBD63C78E1DD6BBEFBFBDEFBFBD15EFBFBD2E190900EFBFBDDD8849EFBFBDEFBFBDEFBFBDEFBFBDEFBFBDD1A347EFBFBD3AEFBFBDEFBFBD433967EFBFBDEFBFBDEFBFBD0100EFBFBD0731EFBFBDEFBFBD68EFBFBDEFBFBDC78E1DEFBFBDEFBFBD0F7EEFBFBD1BEFBFBD3E7AEFBFBDEFBFBDEFBFBDEFBFBD134FEFBFBD72CBAF3867030000572426EFBFBD32EFBFBDEFBFBDEFBFBD37EFBFBD301505EFBFBDEFBFBD1F3E1BC5AA4F7CEFBFBD5F5F7F7DEFBFBD1BEFBFBD0000EFBFBD434C22EFBFBD6AEFBFBDEFBFBDD1A34773EFBFBDEFBFBD473FEFBFBDEFBFBD777CEFBFBDCEBBEFBFBD77EFBFBDEFBFBDEFBFBDEFBFBD3AEFBFBDEFBFBD5FEFBFBDEFBFBD7F1165EFBFBDEFBFBD3EEFBFBDEFBFBDEFBFBD743AEFBFBDEFBFBD5D0300EFBFBD0E621229EFBFBD6AEFBFBD161717EFBFBD1F3F7EEFBFBD374E5C2E0A51C78E1DEFBFBDEFBFBDEFBFBD7EEFBFBDEFBFBD68EFBFBD6E1300EFBFBDEFBFBD11EFBFBDC8946AEFBFBD1AEFBFBD050000524F4C225326262C6900000665EFBFBD2453EFBFBD2400000667EFBFBD2453EFBFBD2400000667EFBFBD2453EFBFBD2400000667EFBFBD2453EFBFBD2400000667EFBFBD2453EFBFBD2400000667EFBFBD2453EFBFBD2400000667EFBFBD2453EFBFBD2400000667EFBFBD2453EFBFBD2400000667EFBFBD2453EFBFBD2400000667EFBFBD2453EFBFBD2400000667EFBFBD2453EFBFBD2400000667EFBFBD2453EFBFBD2400000667EFBFBD2453EFBFBD2400000667EFBFBD2453EFBFBD2400000667EFBFBD2453EFBFBD2400000667EFBFBD2453EFBFBD2400000667EFBFBD2453EFBFBD2400000667EFBFBD2453EFBFBD2400000667EFBFBD2453EFBFBD2400000667EFBFBD2453EFBFBD2400000667EFBFBD2453EFBFBD2400000667EFBFBD2453EFBFBD2400000667EFBFBD2453EFBFBD2400000667EFBFBD2453EFBFBD2400000667EFBFBD2453EFBFBD2400000667EFBFBD2453EFBFBD2400000667EFBFBD2453EFBFBD2400000667EFBFBD2453EFBFBD2400000667EFBFBD2453EFBFBD2400000667EFBFBD2453EFBFBD2400000667EFBFBD2453EFBFBD2400000667EFBFBD2453EFBFBD2400000667EFBFBD2453EFBFBD2400000667EFBFBD2453EFBFBD2400000667EFBFBD2453EFBFBD2400000667EFBFBD2453EFBFBD2400000667EFBFBD2453EFBFBD2400000667EFBFBD2453EFBFBD2400000667EFBFBD2453EFBFBD2400000667EFBFBD2453EFBFBD2400000667EFBFBD24EFBFBDEFBFBDEFBFBDEFBFBDEFBFBD7474EFBFBDC89142EFBFBD107DEFBFBDEFBFBDEFBFBD3FEFBFBDEFBFBDEFBFBD37341AEFBFBDD0AD0100EFBFBD4A6212EFBFBDEFBFBDEFBFBD2F7D6962EFBFBDEFBFBD6EEFBFBD69797939746B0000EFBFBDEFBFBDEFBFBD44EFBFBD753AEFBFBD6BEFBFBDEFBFBD666B467AEFBFBDEFBFBDDF9DEFBFBDEFBFBDEFBFBDEFBFBD76EFBFBDEFBFBD0000482531EFBFBD2CEFBFBDEFBFBD273FEFBFBDEFBFBDD7BD6E23267DEFBFBD631FEFBFBDEFBFBDEFBFBD0BEFBFBD140000692526EFBFBD11EFBFBD5E7BEFBFBD7A46EFBFBDEFBFBDEFBFBDEFBFBDEFBFBD7CEFBFBDEFBFBD09EFBFBD110000692526EFBFBD115FEFBFBDEFBFBDD7AEEFBFBDEFBFBDEFBFBD2826EFBFBDEFBFBD6547250100300831EFBFBDEFBFBD78EFBFBD7BDFBB1EEFBFBD4237020040EFBFBDEFBFBD496447EFBFBDD58A62EFBFBDEFBFBD0300302031EFBFBD4CEFBFBDEFBFBD00000CEFBFBD4CEFBFBD5E3AEFBFBDEFBFBDEFBFBDEFBFBDEFBFBDEFBFBDEFBFBD74EFBFBD54EFBFBDEFBFBDEFBFBDEFBFBD3FEFBFBDEFBFBD03EFBFBD1EEFBFBDEFBFBDEFBFBD542AEFBFBD5AEFBFBD59EFBFBD010012484C6257EFBFBD7A3D1AE8A38C74EFBFBD6DEFBFBDEFBFBD75EFBFBDEFBFBD63EFBFBD4FEFBFBD3B7F5E0D5EEFBFBD23193DEFBFBDEFBFBDEFBFBD7EEFBFBD2DEFBFBDEFBFBD123DEFBFBD51580AEFBFBD540300701931EFBFBD1DEFBFBDEFBFBDEFBFBD6AEFBFBD7AEFBFBDEFBFBDEFBFBDC79F78EFBFBDEFBFBDEFBFBD736A78EFBFBDEFBFBD334F4761297AEFBFBD5BEFBFBD56EFBFBD1D00EFBFBDD78849EFBFBD3252EFBFBD50EFBFBDC2ADEFBFBD7FEFBFBDEFBFBD5935EFBFBDEFBFBDEFBFBDEFBFBD77EFBFBD78EFBFBDEFBFBD6633EFBFBDEFBFBD0F00EFBFBD256212EFBFBDEFBFBDEFBFBD6A2F23EFBFBDEFBFBD465977EFBFBDEFBFBDCAB163EFBFBD18EFBFBDEFBFBD0700EFBFBD1231EFBFBDEFBFBDEFBFBDEFBFBDEFBFBDEFBFBDEFBFBDEFBFBD1F3C33EFBFBD677DEFBFBD13EFBFBDEFBFBDD39FEFBFBD54EFBFBD250000EFBFBDEFBFBDEFBFBD16EFBFBD4E27EFBFBDEFBFBD3FEFBFBDEFBFBDEFBFBDEFBFBD5FEFBFBDEFBFBDD79917EFBFBD47EFBFBDEFBFBDEFBFBDEFBFBD3E0100042726EFBFBDEFBFBD56EFBFBD55EFBFBDEFBFBDEFBFBD175EDEA8EFBFBDEFBFBD1FEFBFBD79EFBFBDEFBFBDEFBFBD5207EFBFBDEFBFBD7CEFBFBD3FEFBFBDEFBFBDCD855E080000EFBFBD4E4C6253EFBFBD52EFBFBDEFBFBDEFBFBDEFBFBDEFBFBDEFBFBDEFBFBDEFBFBDEFBFBDEFBFBDEFBFBD1FEFBFBDEFBFBD6EEFBFBDEFBFBDEFBFBD76EFBFBD7BEFBFBDEFBFBDCDB3DD87EFBFBD761F387361EFBFBD5FEFBFBDEFBFBD27EFBFBDEFBFBDEFBFBD5CEFBFBDEFBFBD76EFBFBDEFBFBD75EFBFBD77EFBFBDEFBFBDEFBFBDEFBFBD2BEFBFBDDFBEEFBFBDEFBFBDEFBFBDEFBFBDEFBFBDEFBFBDEFBFBD15D581EFBFBDEFBFBD53EFBFBDEFBFBD4221EFBFBD42000018776212EFBFBDEFBFBDEFBFBDEFBFBD1E7D746D6364EFBFBDEFBFBDEFBFBD38EFBFBDEFBFBD78EFBFBDEFBFBDEFBFBDEFBFBDEFBFBD73EFBFBD2F75EFBFBDEFBFBDEFBFBDEFBFBDEFBFBDEFBFBDC48FEFBFBD58EFBFBDEFBFBDEFBFBD27EFBFBD771F3FEFBFBD7DEFBFBDEFBFBD6EEFBFBDEFBFBD7DEFBFBD42EFBFBD0FEFBFBDEFBFBDEFBFBDEFBFBD0B4AEFBFBD6346EFBFBDEFBFBDCC8BEFBFBD1D397224EFBFBD42000018776212EFBFBD262727EFBFBD79EFBFBDEFBFBDEFBFBD175E5CEFBFBD28EFBFBDEFBFBDEFBFBD6AEFBFBDECAB977E74EFBFBDEFBFBD3FEFBFBDEFBFBDEFBFBDEFBFBDEFBFBDEFBFBDEFBFBDEFBFBDEFBFBDEFBFBDEFBFBDD3BF75EFBFBDEFBFBD7DEFBFBD42EFBFBDEFBFBDEFBFBDEFBFBDEFBFBDEFBFBD77EFBFBDEFBFBDEFBFBD57EFBFBDEFBFBD7A2F26EFBFBDEFBFBD06EFBFBDEFBFBD0CEFBFBD0C000030EFBFBDEFBFBDEFBFBD1775EFBFBD6C54EFBFBDEFBFBD172F74EFBFBD7DEFBFBD7BEFBFBDEFBFBDEFBFBD2EEFBFBD6EEFBFBDEFBFBDEFBFBDEFBFBD7EEFBFBD53EFBFBDEFBFBD73EFBFBD3F75EFBFBD50EFBFBD5FEFBFBDEFBFBDC5A77B1F7CEFBFBDEFBFBDEFBFBDEFBFBD2526010004672063532FEABCB051EFBFBD62D2ABDDA75FEFBFBDEFBFBDEFBFBD4CEFBFBD7CEFBFBD7BEFBFBDEFBFBDD9A91B6EEFBFBDEFBFBDEFBFBD6A62EFBFBDC887EFBFBDEFBFBD2D5BEFBFBDEFBFBDEFBFBDEFBFBDEFBFBDEFBFBDEFBFBDEFBFBD0E5C6212004070063236EFBFBDEFBFBDEFBFBDEFBFBDDBA8EFBFBD37EFBFBD3DEFBFBD72EFBFBDEFBFBD17EFBFBD3F7CEFBFBDEFBFBDEFBFBDEFBFBD7F7EEFBFBDEFBFBD5EEFBFBDEFBFBDEFBFBDEFBFBDEFBFBD37EFBFBD75EFBFBD23EFBFBDC5A4EFBFBD1F3CEFBFBD775D75EFBFBD12EFBFBD0000EFBFBD33EFBFBDEFBFBD697B4C7AEFBFBD62EFBFBDEFBFBDCEA557EFBFBDEFBFBD7EEFBFBD7BEFBFBDEFBFBDC6BBEFBFBDEFBFBDEFBFBD5B7FEFBFBD6D6FEFBFBDEFBFBDEFBFBDEFBFBDEFBFBD6F7FEFBFBD4AEFBFBD7BEFBFBD6CEFBFBDEFBFBDEFBFBDEFBFBDEFBFBD78EFBFBDEFBFBDEFBFBD62EFBFBDEFBFBD0400EFBFBD19063236EFBFBDEFBFBDEFBFBDEFBFBD1BEFBFBD3EEFBFBD4749EFBFBDEFBFBDEFBFBDDDBF3AEFBFBD7DEFBFBDEFBFBDEFBFBD3EEFBFBD3CEFBFBD777EE1A6BFEFBFBDEFBFBD7F78EFBFBDEFBFBDEFBFBD4EEFBFBDEFBFBDEFBFBDEFBFBD67EFBFBD5150EFBFBDEFBFBDEFBFBDEFBFBDEFBFBDEFBFBDEFBFBD0E5C6212004070063236EFBFBDEFBFBD4E7BEFBFBD4A371DEFBFBDEFBFBDEFBFBDEFBFBDEFBFBDEFBFBD23EFBFBDD5B5EFBFBD3DEFBFBD1AEFBFBD3CEFBFBDEFBFBD7BEFBFBD7EEFBFBD4FEFBFBDEFBFBDEFBFBD3DF2BDAF9DEFBFBDEFBFBDEFBFBD39EFBFBDEFBFBD7B1EEFBFBDEFBFBDEFBFBDEFBFBDEFBFBD79EFBFBD7FEFBFBDEFBFBDDFBDEFBFBDEFBFBD377F78EFBFBD75D5814B4C020008EFBFBD40C6A66840EFBFBD70E1AFB6EFBFBDEFBFBD3F3E3311EFBFBD3FEFBFBDD087EFBFBDEFBFBDEFBFBD0E5C6212004070063236EFBFBD62EFBFBD732A6CEFBFBD490000EFBFBD19EFBFBDEFBFBD242625EFBFBDEFBFBD2400EFBFBDEFBFBD0C646CEFBFBDC5A46755EFBFBD12EFBFBD0000EFBFBD33EFBFBDEFBFBDEFBFBD524C7AEFBFBD1915EFBFBDEFBFBD2400EFBFBDEFBFBD0C646CEFBFBDC5A4EFBFBD55EFBFBD12EFBFBD0000EFBFBD33EFBFBDEFBFBD494C4A42EFBFBD490000EFBFBD19EFBFBDEFBFBDD48B493F54614B4C020008EFBFBD40C6A65E4CEFBFBDEFBFBD0A5B6212004070063236EFBFBD62524BEFBFBD2D31090020380319EFBFBD7A31EFBFBD2F55EFBFBD12EFBFBD0000EFBFBD33EFBFBDEFBFBD29093169EFBFBD1E766B2CE685AF78EFBFBD24EFBFBD7131090020390C646CEFBFBD06EFBFBD575F7D2A60EFBFBD37EFBFBDEFBFBDEFBFBDEFBFBDEFBFBDEFBFBDEFBFBDEFBFBDEFBFBD6F6E5CEFBFBDEFBFBD76EFBFBD7FEFBFBDEFBFBD2D6CEFBFBDEFBFBD500F42EFBFBD000030EFBFBD0C646CEFBFBD25EFBFBD2743EFBFBDEFBFBDDFBEEFBFBDEFBFBDEFBFBD173BEFBFBD68EFBFBDEFBFBDEFBFBD7EEFBFBD77EFBFBDEFBFBD6E64EFBFBD5FC396EFBFBD040010EFBFBDEFBFBDEFBFBD4DEFBFBDEFBFBDEFBFBD44EFBFBDEFBFBDEFBFBDEFBFBDD7BFEFBFBDEFBFBDCFAD7FEFBFBDEFBFBD55EFBFBD5837EFBFBDEFBFBDEFBFBD48011FEFBFBDEFBFBDEFBFBD5E080000EFBFBDEFBFBD40C6A65E48783C546DEFBFBD2BEFBFBD7DEFBFBDEFBFBDCFBEEFBFBD6CEFBFBD62EFBFBDEABBA4EFBFBDC7B7EFBFBD54EFBFBD3BEFBFBDEFBFBD4EEFBFBD5E080000EFBFBDEFBFBD40C6A6EFBFBD3169EFBFBDEFBFBDEFBFBD177B76EFBFBD407B64EFBFBD1D7FEFBFBDEFBFBDEFBFBD49621200EFBFBDEFBFBD33EFBFBDEFBFBDEFBFBD1712EFBFBD22546DEFBFBDEFBFBD1B5FEFBFBD7FEFBFBDEFBFBDEFBFBDEFBFBDEFBFBDEFBFBD3BEFBFBDEFBFBD1DEFBFBD18EFBFBDEFBFBD6FEFBFBD3FEFBFBD4200001877063236EFBFBDEFBFBDEFBFBDEFBFBD43EFBFBDEFBFBDDFBEEFBFBDEFBFBDEFBFBD17EFBFBD7FEFBFBD53EFBFBDEFBFBDEFBFBDEFBFBDEFBFBDEFBFBD5D6BEFBFBDEFBFBDEFBFBDEFBFBDEFBFBD52EFBFBD0761EFBFBDEFBFBDEFBFBD0B010060EFBFBD19EFBFBDEFBFBD7429215C6CEFBFBDEFBFBDEFBFBDEFBFBDEFBFBD5A50EFBFBDEFBFBDCDBE3FEFBFBDEFBFBD74EFBFBDEFBFBDD9B8EFBFBDEFBFBD0814EFBFBD0EEFBFBD7F1C422F0400EFBFBD71672063532F457C2F54EFBFBDEFBFBDEFBFBDEFBFBD7FEFBFBDEFBFBD7AEFBFBDEFBFBD5D5F05EFBFBDEFBFBDEFBFBD3BEFBFBDEFBFBD5E2F25EFBFBD7B04367A0BEFBFBD100000C69DEFBFBDEFBFBD4DEFBFBDEFBFBD493B7EEFBFBDEFBFBD1B696AEFBFBDEFBFBD14EFBFBD07310900603C19EFBFBDEFBFBDEFBFBD0B097F1EEFBFBDEFBFBDEFBFBDEFBFBDEFBFBDEFBFBDEFBFBDEFBFBD2F76EFBFBDEFBFBDEFBFBDEFBFBDEFBFBD7DEFBFBD773B7BEFBFBD42EFBFBD4760EFBFBDEFBFBDEFBFBD0B010060EFBFBD19EFBFBDEFBFBDEFBFBD0B09EFBFBD55EFBFBD12EFBFBD0000EFBFBD33EFBFBDEFBFBDEFBFBD17EFBFBD1E53614B4C020008EFBFBD40EFBFBD263129092526010004672063532F267D57EFBFBD2D31090020380319EFBFBDEFBFBD01EFBFBDEFBFBDEFBFBDEFA8B02526010004672063532F267D5BEFBFBD2D31090020380319EFBFBD7A31EFBFBDEFBFBDC296EFBFBD040010EFBFBDEFBFBDEFBFBD4D6252124A4C020008EFBFBD40C6A65E4CEFBFBDEFBFBD0A5B6212004070063236EFBFBD62EFBFBD3755EFBFBD12EFBFBD0000EFBFBD33EFBFBDEFBFBDEFBFBDC891232FEFBFBD7CEFBFBDEFBFBDEFBFBD4755EFBFBD12EFBFBD0000EFBFBD33EFBFBDEFBFBD29EFBFBDEFBFBD7FEFBFBDEFBFBDEFBFBD17EFBFBDEFBFBD50014B4C020008EFBFBD40C6A672EFBFBDEFBFBDEFBFBDEFBFBDEFBFBD73EFBFBD38D7B71A7F343535157A210000EFBFBD3B31EFBFBD4DEFBFBDEFBFBDEFBFBD7373EFBFBDEFBFBD62EFBFBD1115EFBFBDEFBFBDEFBFBDEFBFBDEFBFBD6AEFBFBD1A7A210000EFBFBD3B31EFBFBD4DEFBFBD66736AEFBFBD2F77EFBFBDEFBFBDEFBFBDEFBFBD0A52EFBFBDEFBFBD7BEFBFBDEFBFBDEFBFBD432F0400EFBFBD71272671EFBFBD13EFBFBDEFBFBD74EFBFBD0FEFBFBDEFBFBDEFBFBDEFBFBDEFBFBD7FEFBFBDEFBFBD2EEFBFBD5E020000EFBFBD495CEFBFBDEFBFBDEFBFBD4AEFBFBDEFBFBDEFBFBDEFBFBDDF8367EFBFBD71EFBFBD56EFBFBDEFBFBDEFBFBDEFBFBD3BEFBFBDEFBFBD432F010000EFBFBD24EFBFBD69341AEFBFBDEFBFBD0DEFBFBDEFBFBD72EFBFBDEFBFBDEFBFBD46535146EFBFBDEFBFBDEFBFBDEFBFBDEFBFBDEFBFBD7EEFBFBD0100EFBFBD444C6207EFBFBDEFBFBDEFBFBD5152EFBFBDEFBFBDEFBFBDEFBFBDEFBFBDEFBFBD436AD8B5EFBFBDEFBFBDD9A9EFBFBDEFBFBDEFBFBDEFBFBDEFBFBD7EEFBFBD010078EFBFBDEFBFBDEFBFBDEFBFBD3AEFBFBDEFBFBDEFBFBD5CEFBFBD54EFBFBDEFBFBD5AEFBFBDDFB75A5FEFBFBD764FEFBFBDC3AD76EFBFBD4FEFBFBDEFBFBDEFBFBDEFBFBDEFBFBDEFBFBDEFBFBD4AEFBFBD147D1DEFBFBD09070060EFBFBDEFBFBDEFBFBD5E565656EFBFBDEFBFBD7FEFBFBDCBBD65EFBFBDEFBFBD3639EFBFBDEFBFBDEFBFBDEFBFBDEFBFBD474929EFBFBDEFBFBD0C00403F31EFBFBD4CEFBFBD4300000C4E4C225326262C6900000665EFBFBD2453EFBFBD2400000667EFBFBD2453EFBFBD2400000667EFBFBD2453EFBFBD2400000667EFBFBD2453EFBFBD2400000667EFBFBD2453EFBFBD2400000667EFBFBD2453EFBFBD2400000667EFBFBD2453EFBFBD2400000667EFBFBD2453EFBFBD2400000667EFBFBD2453EFBFBD2400000667EFBFBD2453EFBFBD2400000667EFBFBD2453EFBFBD2400000667EFBFBD2453EFBFBD2400000667EFBFBD2453EFBFBD2400000667EFBFBD2453EFBFBD2400000667EFBFBD2453EFBFBD2400000667EFBFBD2453EFBFBD2400000667EFBFBD2453EFBFBD2400000667EFBFBD2453EFBFBD2400000667EFBFBD2453EFBFBD2400000667EFBFBD2453EFBFBD2400000667EFBFBD2453EFBFBD2400000667EFBFBD2453EFBFBD2400000667EFBFBD2453EFBFBD2400000667EFBFBD2453EFBFBD2400000667EFBFBD2453EFBFBD2400000667EFBFBD2453EFBFBD2400000667EFBFBD2453EFBFBD2400000667EFBFBD2453EFBFBD2400000667EFBFBD2453EFBFBD2400000667EFBFBD2453EFBFBD2400000667EFBFBD2453EFBFBD2400000667EFBFBD2453EFBFBD2400000667EFBFBD2453EFBFBD2400000667EFBFBD2453EFBFBD2400000667EFBFBD2453EFBFBD2400000667EFBFBD2453EFBFBD2400000667EFBFBD2453EFBFBD2400000667EFBFBD24EFBFBDEFBFBDEFBFBDEFBFBDEFBFBD7474EFBFBDC89142EFBFBD107DEFBFBDEFBFBDEFBFBD3FEFBFBDEFBFBDEFBFBD37341AEFBFBDD0AD0100EFBFBD4A6212EFBFBDEFBFBDEFBFBD2F7D6962EFBFBDEFBFBD6EEFBFBD69797939746B0000EFBFBDEFBFBDEFBFBD44EFBFBD753AEFBFBD6BEFBFBDEFBFBD666B467AEFBFBDEFBFBDDF9DEFBFBDEFBFBDEFBFBDEFBFBD76EFBFBDEFBFBD0000482531EFBFBD2CEFBFBDEFBFBD273FEFBFBDEFBFBDD7BD6E23267DEFBFBD631FEFBFBDEFBFBDEFBFBD0BEFBFBD140000692526EFBFBD11EFBFBD5E7BEFBFBD7A46EFBFBDEFBFBDEFBFBDEFBFBDEFBFBD7CEFBFBDEFBFBD09EFBFBD110000692526EFBFBD115FEFBFBDEFBFBDD7AEEFBFBDEFBFBDEFBFBD2826EFBFBDEFBFBD6547250100300831EFBFBDEFBFBD78EFBFBD7BDFBB1EEFBFBD4237020040EFBFBDEFBFBD496447EFBFBDD58A62EFBFBDEFBFBD0300302031EFBFBD4CEFBFBDEFBFBD00000CEFBFBD4C4976EFBFBDEFBFBDEFBFBD6AEFBFBDEFBFBD3CEFBFBD00000C484C2223EFBFBD7474EFBFBDD8B12FEFBFBD7A6BEFBFBD54EFBFBDEFBFBD000018EFBFBDEFBFBD4416EFBFBD67EFBFBD071E3C75EFBFBDEFBFBDEFBFBDEFBFBD4F490900EFBFBD41EFBFBD49EFBFBDEFBFBDD68CEFBFBD5EEFBFBD120000EFBFBD10EFBFBD48EFBFBDEFBFBD19495202006040621229EFBFBD5B46EFBFBDEFBFBD000018EFBFBDEFBFBD445AED9D91242500000E4C4C22EFBFBDEFBFBD6424490900EFBFBDEFBFBD11EFBFBD48EFBFBDEFBFBD1949520200EFBFBD00EFBFBD245266EFBFBD194952020060EFBFBDEFBFBD24EFBFBDEFBFBD601949520200605FEFBFBD2452637B46EFBFBDEFBFBDEFBFBD77EFBFBD70EFBFBDEFBFBD63EFBFBD4FEF988BEFBFBD7EEFBFBDD9A347EFBFBD7EEFBFBDEFBFBD5B25250000EFBFBD454C221D76EFBFBD4847EFBFBD1CEFBFBDEFBFBDEFBFBDEFBFBDEFBFBDEFBFBDEFBFBDEFBFBDEFBFBDEFBFBDEFBFBDEFBFBD267A24250000EFBFBD454C2205EFBFBDEFBFBD48EFBFBDEFBFBDEFBFBDEFBFBDD68C24290100EFBFBD5F621249EFBFBD3D23EFBFBD70EFBFBDEFBFBD5C2E3771EFBFBDEFBFBDEFBFBDEFBFBD3D2345EFBFBD4CEFBFBDEFBFBD134F4A4A0000EFBFBD2126EFBFBD68EFBFBDEFBFBDEFBFBD21EFBFBDEFBFBDEFBFBDEFBFBDEFBFBDEFBFBDEFBFBD74EAA18776EFBFBD48777CEFBFBD4E67740000202631EFBFBDEFBFBDEFBFBDEFBFBDEFBFBD763B26EFBFBDD7BFEFBFBDEFBFBD7132EFBFBDEFBFBD0400EFBFBD1EEFBFBD24122ACEB9EFBFBD774C4A3133EFBFBDEFBFBD0400EFBFBD6EEFBFBD24EFBFBD28EFBFBDEFBFBD23ED9194EFBFBDEFBFBDEFBFBD24250000762426EFBFBD445146EFBFBDEFBFBDEFBFBD57637E6EEC9FACEFBFBDEFBFBD55575DD597EFBFBD7EEFBFBD477EEFBFBDEFBFBD5BEFBFBD20EFBFBD2D44EFBFBD2B4A4AEFBFBDEFBFBD340000492126EFBFBD446B6B6B51527AEFBFBDEFBFBD67EFBFBDEFBFBD70763CEFBFBDEFBFBDEFBFBD191D76EFBFBDEFBFBDD9BE5BEFBFBD3252EFBFBD1B43EFBFBD690000EFBFBD424C22EFBFBDEFBFBD24EFBFBD3D3252CCA424230100EFBFBDEFBFBDEFBFBD4472ED9D9476EFBFBD483FEFBFBD233F123F29EFBFBD480000EFBFBD484C22EFBFBD764B4AEFBFBD7DEFBFBDEFBFBD6FEFBFBD7FEFBFBDEFBFBDEFBFBDEFBFBD2725190900EFBFBDDD884924EFBFBDEFBFBDEFBFBDEFBFBD5B465A3FEFBFBDEFBFBD6EEFBFBD3CEFBFBD3529EFBFBD480000EFBFBD414C2205EFBFBD27EFBFBD5B6EEFBFBDEFBFBD1D33EFBFBD6E67093F7EEFBFBDEFBFBD0B675EEFBFBDEFBFBD0000EFBFBD434C221DEFBFBD484A3B7E3EEFBFBDD6A424230100EFBFBD2F6212EFBFBDEFBFBD6352EFBFBDEFBFBD3364D793EFBFBDEFBFBD0400EFBFBD7EEFBFBD49EFBFBDEFBFBDEFBFBDEFBFBD1465EFBFBD3DEFBFBDEFBFBDEFBFBDEFBFBD471FDD9AEFBFBDEFBFBDEFBFBDEFBFBDEFBFBDEFBFBD79E79DA1EFBFBD040000492726EFBFBD32EFBFBD3F7976EFBFBD79ED9697EFBFBDEFBFBD3F1BEFBFBD46EFBFBD3B010040EFBFBDEFBFBD49EFBFBDEFBFBD7DEFBFBDDDB7EFBFBDEFBFBDEFBFBDEFBFBDEFBFBD76EFBFBD66EFBFBD582C7AEFBFBD1D00007B10EFBFBD48EFBFBDEFBFBDEFBFBDEFBFBDEFBFBDEFBFBD296D3F1EEFBFBDEFBFBD6E47EFBFBD59595909770F0000483431EFBFBDEFBFBD595E5EEFBFBD542AEFBFBD78EFBFBDEFBFBDEFBFBD0D51522AEFBFBDEFBFBDEFBFBD7A3DEFBFBD3D000020EFBFBDEFBFBD24D2A4EFBFBD6C160AEFBFBD28EFBFBDEFBFBD75EFA4B4EFBFBD79EFBFBD3AEFBFBD4E14EFBFBD6AEFBFBDEFBFBDEFBFBD07002025EFBFBD2452230A3651EFBFBD595D5DEFBFBDEFBFBDEFBFBDDD9252EFBFBD737F473758EFBFBD5625250000EFBFBDEFBFBD49EFBFBDEFBFBDEFBFBDEFBFBDEFBFBDEFBFBDEFBFBDEFBFBDEFBFBDEFBFBD6F4F4AEFBFBDEFBFBD7CEFBFBD2829EFBFBD3871EFBFBD7B050020EFBFBDEFBFBD24EFBFBD61E390A41D6D4D4A07EFBFBD0CEFBFBD28264519EFBFBD30EFBFBD0400200BEFBFBD2452EFBFBDEF90A41DEFBFBD27EFBFBDEFBFBD4EEFBFBDEFBFBD6F465AEFBFBDEFBFBDEFBFBD50EFBFBD5607EFBFBD1100EFBFBDEFBFBD10EFBFBD48EFBFBD1D0F49EFBFBD51EFBFBDEFBFBDEFBFBDEFBFBDEFBFBDEFBFBD3F13EFBFBD56EFBFBD552AEFBFBDEFBFBDEFBFBD1DEFBFBDEFBFBD000064EFBFBDEFBFBD44EFBFBDEFBFBD7648EFBFBD30EFBFBDEFBFBDEFBFBD4F52020018736212EFBFBDEFBFBDEFBFBD2149EFBFBD50EFBFBDD78BEFBFBDEFBFBDEFBFBD6FEFBFBD030020EFBFBDEFBFBD24EFBFBD2BEFBFBD2149C3B0EFBFBDEFBFBD562AEFBFBD5AEFBFBDD6887F2F0000092126EFBFBD50EFBFBD0F491AEFBFBD282915EFBFBDEFBFBD28EFBFBD05EFBFBDEFBFBD0000EFBFBD2526EFBFBD50EFBFBD3C2469475146EFBFBDEFBFBDD2814F080100407AEFBFBD4924EFBFBDEFBFBD0F49EFBFBD51EFBFBDEFBFBD3AEFBFBDEFBFBDEFBFBD0100483531EFBFBDEFBFBD097548D28EEFBFBD36EFBFBDEFBFBD62EFBFBD5E0FEFBFBD080000EFBFBD2326EFBFBD2C610F49EFBFBD51EFBFBD52EFBFBD52595E5E0EEFBFBD080000232226EFBFBD2CEFBFBD0F49EFBFBDEFBFBD7A52EFBFBDEFBFBD6AEFBFBD1B01006014EFBFBD24122421EFBFBD24EFBFBD5AEFBFBD2630EFBFBD010070EFBFBDEFBFBD24EFBFBD2251EFBFBD24EFBFBD667676EFBFBDC48913EFBFBDEFBFBD000060EFBFBDEFBFBD24763531EFBFBDEFBFBDEFBFBDEFBFBDEFBFBDEFBFBDEFBFBD0BEFBFBD76EFBFBDEFBFBDEFBFBDEFBFBD62EFBFBD0E49EFBFBD4D14EFBFBDEFBFBDEFBFBD6AEFBFBD2E000018223169EFBFBD4C5CC98E57EFBFBDEFBFBDEFBFBD1AEFBFBD4EEFBFBD0C720BEFBFBD54EFBFBDD5A2EFBFBDEFBFBDEFBFBD7442370200EFBFBD50EFBFBD49636D7BEFBFBDEFBFBD57EFBFBDEFBFBD1FEFBFBDEFBFBDEFBFBDEFBFBDEFBFBD522AEFBFBD06EFBFBD27231725EFBFBD4AEFBFBD2229010064EFBFBDEFBFBD34EFBFBD76EFBFBD49EFBFBD7F7A28EFBFBD26EFBFBD5AEFBFBD42EFBFBD10EFBFBD79EFBFBDEFBFBD0754EFBFBDEFBFBDEFBFBDEFBFBDEFBFBD300EEFBFBD1AEFBFBDEFBFBD1D0100EFBFBD63EFBFBD1A5F571CEFBFBDEFBFBDEFBFBDEFBFBD21EFBFBDEFBFBD542AEFBFBDEFBFBDEFBFBD1CEFBFBDEFBFBDEFBFBDEFBFBD0E36EFBFBDEFBFBD242601000CEFBFBD016B4C6DEFBFBD1614EFBFBD7D745BEFBFBD50EFBFBDEFBFBDEFBFBDEFBFBD20EFBFBD4BEFBFBD21493B5A5B5B2B16EFBFBDEFBFBD6673EFBFBDEFBFBD09EFBFBD764700007664EFBFBD1A473BEFBFBDEFBFBD1D2FEFBFBDEFBFBD5F63EFBFBD686F693C246947EFBFBD4623EFBFBD23D19FEFBFBDEFBFBDEFBFBDEFBFBD2F104D0CEFBFBDEFBFBD0000EFBFBDC6803576764C47570C45EFBFBDEFBFBDEFBFBDEFBFBDEFBFBD7BEFBFBD26EFBFBDEFBFBD24EFBFBDEFBFBD6C16EFBFBDC5B5EFBFBDEFBFBD43EFBFBDEFBFBD2BEFBFBD5231090060EFBFBD0C586364EFBFBD5721760C423B5E72EFBFBDEFBFBD0E30EFBFBDEFBFBDEFBFBDEFBFBDEFBFBD1DEFBFBDEFBFBDEFBFBD41EFBFBD54EFBFBDEFBFBDEFBFBDEFBFBDEFBFBD78EFBFBD1D00EFBFBDEFBFBD18EFBFBDEFBFBD57EFBFBDEFBFBD7AEFBFBDEFBFBD7BEFBFBDEFBFBD157358EFBFBDEFBFBD21493BEFBFBDEFBFBD52EFBFBD5CEFBFBDEFBFBDEFBFBDEFBFBDEFBFBD08EFBFBDEFBFBD0800EFBFBDDE8C59EFBFBD6BEFBFBD21EFBFBDEFBFBDD5A4EFBFBD3575EFBFBD45EFBFBDEFBFBD537B660E49EFBFBD51EFBFBDD3A9542AEFBFBD5AEFBFBD6057EFBFBDEFBFBD18EFBFBDEFBFBD2AEFBFBD1EEFBFBD380100303873EFBFBDEFBFBDEFBFBD71EFBFBDEFBFBD63EFBFBDEFBFBD71EFBFBDEFBFBDEFBFBDEFBFBDEFBFBDEFBFBDEFBFBD7AEFBFBD0E49EFBFBD51EFBFBDEFBFBDEFBFBDEFBFBDEFBFBDEFBFBDEFBFBD52EFBFBDEFBFBD7FC597EFBFBD442300EFBFBD6130633152EFBFBD3B24693751521AE48D85437AEFBFBD2300007118EFBFBD18EFBFBDEFBFBD1EEFBFBDEFBFBDEFBFBDEFBFBDEFBFBDEFBFBDEFBFBDEFBFBDEFBFBDEFBFBD5AEFBFBD7BEFBFBD23000031EFBFBDEFBFBD18EFBFBD6C1FEFBFBDEFBFBDEFBFBDEFBFBDEFBFBDEFBFBD6AEFBFBD1AEFBFBDEFBFBD7EEFBFBD230000EFBFBD18EFBFBD7138246937EFBFBD5AEFBFBD52EFBFBD743AEFBFBDD08D000010EFBFBDEFBFBDEFBFBD28EFBFBDEFBFBD21493B5A5E5EEFBFBDEFBFBD000052444C62EFBFBDEFBFBDED90A41DEFBFBDEFBFBDEFBFBD62EFBFBDEFBFBD6EEFBFBD43370200EFBFBDEFBFBDEFBFBD490CEFBFBD781EEFBFBDEFBFBDEFBFBDEFBFBDEFBFBDEFBFBDEFBFBD18EFBFBD771E0200EFBFBDEFBFBDEFBFBDEFBFBD10EFBFBDEFBFBD21493BEFBFBDEFBFBD52EFBFBD586C36EFBFBDEFBFBD1B0100602F621243542EEFBFBDEFBFBDEFBFBD7AEFBFBD2EEFBFBD25EFBFBD485152EFBFBDEFBFBD52EFBFBD460000D895EFBFBDC4B02C2C2C1CEFBFBD53EFBFBDEFBFBD41EFBFBDEFBFBD2AEFBFBD4AEFBFBD12004062EFBFBD490CEFBFBDEFBFBDEFBFBD6AEFBFBD04EFBFBDEFBFBD6D37EFBFBD76EFBFBD582C7AEFBFBD0D0020EFBFBDEFBFBD240E5FEFBFBD010AEFBFBDEFBFBD2370EFBFBD1665EFBFBD4AEFBFBDEFBFBDEFBFBDEFBFBD1CEFBFBD110000EFBFBDEFBFBD491C3EEFBFBD7F4CEFBFBD49EFBFBD56EFBFBDEFBFBD6E0400EFBFBDCB88491C32EFBFBD24EFBFBD57EFBFBD5AEFBFBD1EEFBFBDEFBFBD5D0000EFBFBD494CEFBFBD303924EFBFBD60EFBFBD60EFBFBD13780100EFBFBD434CEFBFBDEFBFBD38246910514CEFBFBD56EFBFBDEFBFBDEFBFBD0000EFBFBD1231EFBFBD43E390A401EFBFBD6AEFBFBD2829792D0E00203831EFBFBDEFBFBDE190A4431125EFBFBD286D4A4A000061EFBFBD491C02EFBFBD241DEFBFBD7AEFBFBD5E2EEFBFBDEFBFBDEFBFBD76EFBFBD460000C697EFBFBDC4A01CEFBFBD74EFBFBD565656EFBFBDEFBFBD29290100EFBFBD22263128EFBFBD240DEFBFBDEFBFBDEFBFBD5AEFBFBD58143E0100EFBFBD10EFBFBD18EFBFBD43EFBFBDEFBFBDEFBFBDEFBFBD68EFBFBD4AEFBFBDEFBFBDEFBFBDD08D0000EFBFBD1D31EFBFBDEFBFBD7348D2B035EFBFBDEFBFBD62EFBFBDEFBFBDEFBFBDEFBFBD16EFBFBD1100EFBFBDEFBFBD222671400E491AEFBFBDEFBFBD71EFBFBDEFBFBDEFBFBDEFBFBDEFBFBD4AEFBFBD460000C688EFBFBDEFBFBD0139246964EFBFBDEFBFBD542EEFBFBDEFBFBDEFBFBD7AEFBFBD460000C685EFBFBDEFBFBD41382469EFBFBD3AEFBFBD4EEFBFBD4B6BEFBFBD5AEFBFBD460000C682EFBFBDC4BE392429EFBFBDEFBFBD01EFBFBD56EFBFBDEFBFBD1200EFBFBD08EFBFBD49EFBFBD43EFBFBDC28AEFBFBDD289132742770100EFBFBD716212EFBFBDEFBFBD05EFBFBDE0A298EFBFBD1DEFBFBD0000432526EFBFBD0F5140EFBFBD6252EFBFBD2EEFBFBD746CEFBFBD2702006078EFBFBD24EFBFBD6A341AEFBFBD42EFBFBD2149091145EFBFBD4AEFBFBDEFBFBDEFBFBD0000180631EFBFBD58EFBFBD713CEFBFBD4851520AEFBFBD08EFBFBDEFBFBDEFBFBDEFBFBD252500EFBFBD6110EFBFBDEFBFBDEFBFBD2149EFBFBD54EFBFBDD78BEFBFBD62EFBFBDEFBFBD0EEFBFBD080040EFBFBDEFBFBD495CEFBFBD43EFBFBDEFBFBD6C6D6DEFBFBD542AEFBFBD5AEFBFBDD08D000064EFBFBDEFBFBDEFBFBD15382429EFBFBDEFBFBDEFBFBD542C16EFBFBDEFBFBD1D00E0B08849EFBFBDEFBFBD2149691165EFBFBD282945792974230000592026EFBFBD17EFBFBD24EFBFBD48EFBFBDEFBFBD2AEFBFBD4AEFBFBD1200EFBFBDEFBFBDEFBFBD243635EFBFBDEFBFBD5FEFBFBDEFBFBD5FDE98EFBFBD1DEFBFBDEFBFBD3AEFBFBD76EFBFBD582CEFBFBDEFBFBDEFBFBDD08D0000EFBFBDEFBFBDEFBFBDC4A6EFBFBD47EFBFBD4E4C4CEFBFBDEFBFBD1DEF88A66DEFBFBD24EFBFBD54EFBFBDEFBFBD552AEFBFBDEFBFBDEFBFBDEFBFBDEFBFBDEFBFBDEFBFBDEFBFBD7FEFBFBDEFBFBD070F0060EFBFBDEFBFBD245E13EFBFBDEFBFBD133D3FEFBFBDEFBFBD3FEFBFBD6BEFBFBDEFBFBD6B0E494AEFBFBDEFBFBDEFBFBD54EFBFBDEFBFBD5AEFBFBDEFBFBD55575D353D3D1DEFBFBD2300EFBFBDEFBFBD11EFBFBD78EFBFBDC9932727EFBFBDEFBFBDEFBFBD575FEFBFBD4FEFBFBDEFBFBD3F09EFBFBD1103EFBFBD56EFBFBDEFBFBD79EFBFBD7BEFBFBD67EFBFBDEFBFBD7FEFBFBDC7BDEFBFBD0400EFBFBD2F6212EFBFBDEFBFBDEFBFBDEFBFBDEFBFBDEFBFBDEFBFBDEFBFBDEFBFBD7FEFBFBDEFBFBDEFBFBD5EEFBFBDEFBFBDEFBFBD10EFBFBD2F0EEFBFBDEFBFBD6CEFBFBDDDBFEFBFBD77D79FCAB7EFBFBDEFBFBD6DEFBFBDEFBFBD6BEFBFBD16EFBFBD2300EFBFBD3411EFBFBD78EFBFBDEFBFBDEFBFBDEFBFBDEFBFBDEFBFBDEFBFBDEFBFBDEFBFBDEFBFBDEFBFBDEFBFBDEFBFBDEFBFBDEFBFBDEFBFBD4E4D4D39EFBFBD744A7DEFBFBDEFBFBD1FEFBFBDEFBFBDC4ADEFBFBDEFBFBDEFBFBDEFBFBDEFBFBD540200EFBFBD2726EFBFBD77EFBFBDEFBFBDEFBFBD3CEFBFBDEFBFBD37EFBFBD29EFBFBD4BEFBFBD52C98149EFBFBD1525EFBFBD72EFBFBDEFBFBDEFBFBDEFBFBDEFBFBDEFBFBDEFBFBD7EEFBFBDEFBFBDEFBFBDEFBFBDEFBFBD37464FEFBFBDEFBFBDE88FBEEFBFBD3DEFBFBD09EFBFBD1700406AEFBFBD49EFBFBDEFBFBDEFBFBD6F7EEFBFBD753D4B4B4BEFBFBD7BEFBFBD1034EFBFBDCD85EFBFBDEFBFBD42EFBFBD10E5A5B7EFBFBDEFBFBDEFBFBDEFBFBD5C73EFBFBDEFBFBDEFBFBDEFBFBDEFBFBD6E0A00201DEFBFBD245EEFBFBDD6B7EFBFBDEFBFBD5DEFBFBD7AEFBFBD63EFBFBDEFBFBD673D2FEFBFBDEFBFBDEFBFBDEFBFBDEFBFBDEFBFBDEFBFBDEFBFBD7FEFBFBDEFBFBD0B0010EFBFBDEFBFBDEFBFBD253E25691CEFBFBDEFBFBDEFBFBDEFBFBD4AEFBFBDEFBFBD5D0000EFBFBDEFBFBDEFBFBD74EFBFBD28272C2D2D4D4F4F47EFBFBD643EEFBFBDEFBFBDEFBFBD3044EFBFBD64EFBFBD78EFBFBD7FEFBFBDEFBFBD57330EEFBFBDEFBFBD1C06EFBFBD1200D883EFBFBDEFBFBDEFBFBD5EEFBFBD47EFBFBD5334EFBFBDEFBFBD76EFBFBD6D77EFBFBD3CEFBFBDEFBFBDEFBFBDEFBFBDEFBFBDCE9F57EFBFBD57EFBFBD4846EFBFBDEFBFBDEFBFBDEFBFBD7EEFBFBD2DEFBFBD44EFBFBD7034EFBFBDEFBFBD7EEFBFBDEFBFBDC4B2EFBFBD2C01EFBFBDEFBFBD13EFBFBD2E69EFBFBDEFBFBDEFBFBD6AEFBFBDEFBFBDEFBFBDEFBFBD3FEFBFBDEFBFBDEFBFBDEFBFBDEFBFBDEFBFBDEFBFBDEFBFBDEFBFBD67EFBFBDEFBFBDEFBFBDEFBFBDEFBFBD6EEFBFBD5AEFBFBDEFBFBDEFBFBDEFBFBDEFBFBD2C2D4B00201431EFBFBDEFBFBD305A2814EFBFBD70EFBFBDEFBFBD3B7F56EFBFBDEFBFBDEFBFBDEFBFBDEFBFBD1D37EFBFBD7863EFBFBDEFBFBD0CEFBFBDEFBFBD27EFBFBD656959020001EFBFBD49EFBFBD6AEFBFBDEFBFBD1B465F51EFBFBDEFBFBDEFBFBD4E7EEFBFBDD8B15F0CEFBFBDEFBFBD27EFBFBD656959020001EFBFBD7B4CEFBFBDEFBFBDEFBFBDC78FEFBFBD3FEFBFBD7036EFBFBDEFBFBDEFBFBD4FEFBFBDEFBFBD4F7FEFBFBD53EFBFBDEFBFBD401259EFBFBDEFBFBD250010EFBFBD58C7A44EEFBFBDEFBFBDEFBFBDEFBFBD78EFBFBDEFBFBDEFBFBD2F74EFBFBDEFBFBDEFBFBDCC8BEFBFBD47EFBFBDEFBFBD6834422FEFBFBD64EFBFBD2C2D4B0020EFBFBDEFBFBDEFBFBD49EFBFBD5AEFBFBD5AEFBFBDEFBFBDEFBFBDEFBFBDEFBFBD46EFBFBD54EFBFBD40CCB3096FEFBFBDEFBFBD3A707DEFBFBD33EFBFBD616E6E2EEFBFBD424816EFBFBD327859EFBFBD00EFBFBD58C7A44AEFBFBD72EFBFBD17EFBFBDEFBFBDEFBFBD0B2FEFBFBDEFBFBD4DEFBFBD3FEFBFBDEFBFBDEFBFBDEFBFBDEFBFBD5FEFBFBD7EEFBFBD7CEFBFBDEFBFBD67EFBFBD0FEFBFBDEFBFBD3E70EFBFBDEFBFBDEFBFBD17EFBFBDEFBFBDEFBFBD4F3E7FDFB9EFBFBDEFBFBDEFBFBD74EFBFBDEFBFBD74EFBFBD7EEFBFBDEFBFBDEFBFBD57EFBFBDEFBFBD7DEFBFBD231FEFBFBDEFBFBDD58D2BEFBFBD03D783EFBFBD560BEFBFBD42E885902CEFBFBD65EFBFBD2C01EFBFBDEFBFBDEFBFBD49535353EFBFBD3EEFBFBDEFBFBD311B4D4C4CEFBFBDEFBFBD765FEFBFBDEFBFBD7DEFBFBD42EFBFBDEFBFBD73DD97EFBFBDEFBFBD7FEFBFBD6F7E73EFBFBD477FEFBFBDEFBFBDEFBFBDCA93E7BB8FEFBFBDEFBFBD3EEFBFBD4AEFBFBDEFBFBDEFBFBD3E76EFBFBDEFBFBDEFBFBD7FEFBFBD70EFBFBDEFBFBDDC87EFBFBDEFBFBDEFBFBD5E675E7CEFBFBDC89123EFBFBD1742EFBFBD58EFBFBDEFBFBDCBB20400EFBFBD3A264D4E4E3EEFBFBDEFBFBD53EFBFBD2FEFBFBDEFBFBD5ED188EFBFBDD2ABDDB3EFBFBD5EEFBFBDD185EFBFBDEFBFBDEFBFBDEFBFBDEFBFBD3BEFBFBDEFBFBDEFBFBD7FEFBFBD6FEFBFBDEFBFBD4FEFBFBDD6856EEFBFBDEFBFBD0BEFBFBDEFBFBDEFBFBD77EFBFBD3BEFBFBD6D77EFBFBD5FEFBFBDEFBFBDEFBFBD79EFBFBD45357845EFBFBD64EFBFBD65EFBFBD34EFBFBD6512CAB204EFBFBD3137D6A3406FEFBFBD3CEFBFBD51EFBFBD5F5FEFBFBDEFBFBD7DEFBFBDEFBFBDEFBFBD575FEFBFBD40EFBFBDEFBFBDEFBFBD2FEFBFBDEFBFBDEFBFBD4FEFBFBDEFBFBDEFBFBD3DEFBFBDD4A50FEFBFBD3C7FEFBFBD7BEFBFBD37EFBFBDEFBFBDEFBFBDEFBFBDEFBFBD7DEFBFBD55072EEFBFBD681FEFBFBD3209655902EFBFBDEFBFBD1BEFBFBD51EFBFBD3753EFBFBDEFBFBD51EFBFBDEFBFBDEFBFBD57EFBFBD4FEFBFBDEFBFBDEFBFBDEFBFBDEFBFBDEFBFBDEFBFBD6EEFBFBDEFBFBDD9B35337EFBFBD303171EFBFBDEFBFBDC4910FEFBFBDEFBFBD5BEFBFBD5EEFBFBD530FEFBFBD5D571DEFBFBDCCA37D2CEFBFBD24EFBFBD650900636EEFBFBD47EFBFBDEFBFBD4CEFBFBDEFBFBD366AEFBFBDEFBFBD4DCFBEEFBFBD7DEFBFBDEFBFBD0F5FEFBFBD3EEFBFBDEFBFBD5F7BEFBFBD57EFBFBDEFBFBDEFBFBD7FEFBFBD4D6FEFBFBDEFBFBDEFBFBD65EFBFBDEFBFBDEFBFBD0FEFBFBDEABBAE3A70EFBFBD47EFBFBD58EFBFBD4928EFBFBD1200EFBFBDEFBFBD58EFBFBD02EFBFBDEFBFBDD1972F76EFBFBDEFBFBD5CEFBFBDEFBFBDEFBFBD4FEFBFBDEFBFBD3D797FEFBFBD5D477FEFBFBDEFBFBD3FEFBFBD374DEFBFBDEFBFBDEFBFBDEFBFBDEFBFBD3F7CEFBFBDEFBFBD3D73EFBFBDEFBFBDEFBFBDEFBFBD4B57EFBFBD7BEFBFBD7EEFBFBD7974482CEFBFBD24EFBFBD650900636EEFBFBD47EFBFBDEFBFBD4CEFBFBDEFBFBD46EFBFBD0F46EFBFBD48EFBFBDEFBFBDEFBFBDEFBFBD5FEFBFBDEFBFBD3EEFBFBDEFBFBDEFBFBD7B1F691EEFBFBD3BEFBFBD70EFBFBDEFBFBDEFBFBDEFBFBD3F3CEFBFBDEFBFBD41EFBFBDEFBFBDEFBFBD4EEFBFBDD9B3EFBFBD6822EFBFBDEFBFBDEFBFBDEFBFBDEFBFBDEFBFBDEFBFBD0E5CEFBFBDEFBFBD3EEFBFBD6512CAB204EFBFBD3137D6A3406FEFBFBD6C6F54EFBFBD635FEFBFBDEFBFBD771F78EFBFBDEFBFBDEFBFBDD6B8EFBFBD54E39E87EFBFBD73EFBFBDEFBFBD4FEFBFBDEFBFBD7DEFBFBDEFBFBDEFBFBD47EFBFBDEFBFBDEFBFBD53EFBFBDEFBFBD3FEFBFBDEFBFBD7DEFBFBD43EFBFBD5E7DEFBFBD3BEFBFBD7CEFBFBD2F3EEFBFBDEFBFBDEFBFBD7EEFBFBDEFBFBD0F6FEFBFBDEFBFBD3A70EFBFBD47EFBFBD58EFBFBD4928EFBFBD1200EFBFBDEFBFBD58EFBFBD02EFBFBD2474EFBFBDEFBFBD5F6DEFBFBDEFBFBD7F7C6622EFBFBD7FEFBFBDEFBFBD0FEFBFBD5D511DEFBFBDCCA37D2CEFBFBD24EFBFBD650900636EEFBFBD47EFBFBDEFBFBD3CEFBFBDEFBFBD0A5BEFBFBDEFBFBD3EEFBFBD6512CAB204EFBFBD3137D6A3EFBFBD793409651EEFBFBD635926EFBFBD2C4B001873633D0AEFBFBDEFBFBDEFBFBD6755EFBFBD32EFBFBDEFBFBDEFBFBD2CEFBFBD50EFBFBD2500EFBFBDEFBFBDEFBFBD1E052ECDA3EFBFBD3EEFBFBDC29679EFBFBDEFBFBD65EFBFBDEFBFBDEFBFBD2C0160CC8DEFBFBD28D09B47EFBFBD5661EFBFBD3CEFBFBDC7B24C4259EFBFBD0030EFBFBDEFBFBD7A1430EFBFBD26EFBFBDCCA37D2CEFBFBD24EFBFBD650900636EEFBFBD47EFBFBDEFBFBD3CEFBFBD4315EFBFBDCCA37D2CEFBFBD24EFBFBD650900636EEFBFBD47EFBFBDEFBFBD3CEFBFBD0315EFBFBDCCA37D2CEFBFBD24EFBFBD650900636EEFBFBD47EFBFBDEFBFBD3CEFBFBD5261EFBFBD3CEFBFBDC7B24C4259EFBFBD0030EFBFBDEFBFBD7A14EFBFBDCDA37FEFBFBDC29679EFBFBDEFBFBD65EFBFBDEFBFBDEFBFBD6D592E2D2D35EFBFBDEFBFBDD1AE080020EFBFBDEFBFBDEFBFBD50EFBFBD3FEFBFBDEFBFBD75EFBFBD77EFBFBD133B097E170E3CEFBFBDEFBFBDEFBFBD543C6B7B2FC88DEFBFBD6FEFBFBD40EFBFBDEFBFBDEFBFBDEFBFBD65EFBFBD6EEFBFBD3FF2918FACEFBFBD3775EFBFBD75EFBFBD494A00EFBFBD79633DEFBFBD4613CFABEFBFBD3EEFBFBDEFBFBDEFBFBD1A78EFBFBDEFBFBDEFBFBDEFBFBDEFBFBDEFBFBDEFBFBD37EFBFBDEFBFBDEFBFBD45EFBFBD4B4CEA938A676DEFBFBDD3B7EFBFBDEFBFBDEFBFBDEFBFBD3475EFBFBD6BEFBFBD19595C5C3C72EFBFBDEFBFBDEFBFBD7F68EFBFBD17EFBFBD5CEFBFBDEFBFBD6A055C2100EFBFBD08EFBFBDEFBFBDEFBFBDDA9BDB9E4C6C6DEFBFBDEFBFBDEFBFBD45EFBFBD5F77EFBFBDEFBFBD1EEFBFBD4C66EFBFBD497D12EFBFBDEFBFBDEFBFBDEFBFBDEFBFBDEFBFBDEFBFBDEFBFBDEFBFBDEFBFBD170E7E2FEFBFBDEFBFBDEFBFBD52EFBFBD74EFBFBD3B0B09EFBFBDEFBFBDEFBFBD4B7FEFBFBDC48913EFBFBD7AEFBFBDEFBFBD6EEFBFBDEFBFBDEFBFBD00EFBFBD6DEFBFBD27D4894BEFBFBDEFBFBD13EFBFBDEFBFBD2BEFBFBDEFBFBDEFBFBD71EFBFBD3D2E1FEFBFBD5EC4B9EFBFBDEFBFBD1742EFBFBD24EFBFBD59EFBFBDEFBFBDEFBFBDEFBFBD56EFBFBD7EEFBFBDEFBFBDEFBFBDEFBFBD5C13EFBFBDEFBFBD24332B23EFBFBD6C3657EFBFBD5AEFBFBDEFBFBDEFBFBDEFBFBDEFBFBDEFBFBDEFBFBD64EFBFBDEFBFBDEFBFBDEFBFBDEFBFBD43EFBFBD06EFBFBD56633DEFBFBDEFBFBDEFBFBDEFBFBD135B7BEFBFBDEFBFBDEFBFBDEFBFBD385F24EFBFBDC4A43EEFBFBD78D6AEEFBFBDEFBFBDEFBFBD7FEFBFBDEFBFBD0229EFBFBD5F1BEFBFBD321A3DEFBFBDEFBFBDEFBFBDEFBFBDEFBFBDEFBFBD1DEFBFBDEFBFBDEFBFBD3F6F7CEFBFBD1B0BEFBFBDEFBFBD15EFBFBD44332B49102DEFBFBD4AEFBFBD12EFBFBDEFBFBD46EFBFBD11EFBFBD17EFBFBDEFBFBD19EFBFBD09351573EFBFBD2EEFBFBD11EFBFBDEFBFBDEFBFBD5531292B12EFBFBDEFBFBD5DEFBFBDEFBFBD2B70EFBFBDD59BEFBFBDDABA2CEFBFBDEFBFBDEFBFBDEFBFBDEFBFBD5FEFBFBD533FEFBFBD53EFBFBDEFBFBD5F73EFBFBD35EFBFBD4EEFBFBD00CFACEFBFBDEFBFBD20EFBFBDEFBFBDD6A255EFBFBDEFBFBDEFBFBD14EFBFBD11EFBFBDEFBFBD19EFBFBD09EFBFBD37EFBFBDEFBFBD45EFBFBD6B7BEFBFBD7DEFBFBDEFBFBDEFBFBDEFBFBD2E336BEFBFBDEFBFBD70EFBFBD3B187A21244B2AEFBFBDEFBFBD3DEFBFBDEFBFBD152FEFBFBDEFBFBDEFBFBD5BEFBFBD512E3A71EFBFBDEFBFBD4FEFBFBDEFBFBD4F47EFBFBD66EFBFBD6734771EEFBFBDEFBFBD35EFBFBD327AEFBFBD02EFBFBDEFBFBDEFBFBDEFBFBDEFBFBD6AEFBFBD1B0148EFBFBDEFBFBDEFBFBD507BEFBFBDEFBFBDEFBFBD135EEFBFBDEFBFBDEFBFBDEFBFBD2EEFBFBDEFBFBD2AEFBFBDEFBFBDEFBFBDEFBFBD1D0CEFBFBD10EFBFBD25154FEFBFBDDEAB2EEFBFBD2B4EEFBFBDEFBFBDEFBFBD01EFBFBD65EFBFBDD98C06EFBFBDEFBFBDEFBFBD38676665EFBFBDEFBFBD55572AEFBFBD565757433702EFBFBD1A633DEFBFBD5E1AEFBFBD2E36135E576C72EFBFBD023BCFA3EFBFBDEFBFBDEFBFBD7307432FEFBFBD6449CBB3EFBFBD75EFBFBDEFBFBDEFBFBDEFBFBDEFBFBDEFBFBD5271EFBFBD46EFBFBD2CCDACEFBFBD5EEFBFBDF3A7A6A60EEFBFBDEFBFBD51EFBFBD3134EFBFBD136A6F74EFBFBD5EEFBFBD6BEFBFBDEFBFBD1F7FEFBFBD05EFBFBDEFBFBD12EFBFBDEFBFBD7DEFBFBDEFBFBDEFBFBD0B215952EFBFBDEFBFBDEFBFBDEFBFBDEFBFBDEFBFBDEFBFBDEFBFBDEFBFBDEFBFBD39EFBFBD65696665EFBFBD666767171616427701EFBFBD0E633DEFBFBDEFBFBD6262DBB1C98D6FEFBFBD38EFBFBDEFBFBDEFBFBD7EEFBFBD721E4DEFBFBDEFBFBD3C7D5BEFBFBDEFBFBD6ED1BD2F1AEFBFBDE5AE8D6C59EFBFBD5919EFBFBD46EFBFBD11EFBFBDEFBFBDEFBFBD5D00EFBFBDEFBFBD584FEFBFBDEFBFBDEFBFBDEFBFBDEFBFBD135EEFBFBDEFBFBDEFBFBD74EFBFBDEFBFBD25EFBFBDC4A43E097FEFBFBDEFBFBD585AEFBFBD2DCBBDEFBFBDEFBFBDEFBFBD1ACDB234EFBFBD327AEFBFBD62D1BB3D01EFBFBD18EFBFBD09EFBFBD37EFBFBDEFBFBD56614B4CEFBFBD635926EFBFBD46EFBFBD2CCDACEFBFBDEFBFBDEFBFBD3001621AEFBFBD09EFBFBD37EFBFBD3EEFBFBDC296EFBFBDEFBFBDC7B24C42EFBFBD6C59EFBFBD5919EFBFBDEFBFBDEFBFBDEFBFBD4AEFBFBD12EFBFBD0BEFBFBD1418EFBFBD09EFBFBD3CEFBFBDEFBFBD12EFBFBDEFBFBD58EFBFBD49EFBFBDEFBFBD2D4B332B23E6AD9E0031EFBFBDEFBFBDEFBFBDDA9B47EFBFBDEFBFBDC296EFBFBDEFBFBDC7B24C42EFBFBD6C59EFBFBD5919EFBFBD66EFBFBDEFBFBDEFBFBDEFBFBD437701EFBFBD02633DEFBFBD46EFBFBDEFBFBDC58BEFBFBD51614B4CEFBFBD635926EFBFBD46EFBFBD2CCDACEFBFBDEFBFBD5D1720EFBFBDEFBFBDEFBFBD2B7BEFBFBDEFBFBD55EFBFBDEFBFBD0F761FEFBFBD320935EFBFBD65EFBFBD3F0146CC9203EFBFBD63EFBFBDEFBFBDEFBFBDEFBFBD3CEFBFBD5061EFBFBD3FEFBFBD7D2CEFBFBD24EFBFBDEFBFBD44EFBFBD59720071EFBFBDEFBFBD5E691E4D42EFBFBD07EFBFBDEFBFBD65EFBFBDEFBFBD12EFBFBDEFBFBD304B0E20EFBFBDEFBFBDEFBFBD2B7BEFBFBDEFBFBD54EFBFBDEFBFBD0F761FEFBFBD32092526EFBFBD61EFBFBD1C401C63EFBFBD57EFBFBDEFBFBDEFBFBD6FEFBFBDEFBFBDEFBFBD1FEFBFBD3EEFBFBD65124A4C22EFBFBD2C39EFBFBD38EFBFBD7AEFBFBD3C72EFBFBDEFBFBDEFBFBD2FEFBFBDEFBFBD78EFBFBD5115EFBFBDEFBFBDEFBFBDEFBFBDC7B24C42EFBFBD4964EFBFBD250710EFBFBD58EFBFBDEFBFBD7CEFBFBD7BEFBFBD3FEFBFBDEFBFBDEFBFBDEFBFBD0A58EFBFBDEFBFBDEFBFBD635926EFBFBDEFBFBD2432CC9203EFBFBD63EFBFBDEFBFBDEFBFBD72EFBFBDEFBFBDEFBFBDEFBFBDEFBFBD07EFBFBD71EFBFBD6F35EFBFBDEFBFBD676BEFBFBDEFBFBD2CEFBFBDD788EFBFBDEFBFBDEFBFBDEFBFBD11EFBFBDEFBFBD00EFBFBD18EFBFBD727E7E7E6EEFBFBD5DEFBFBD3EEFBFBD42EFBFBD1FEFBFBD3E55EFBFBD56432FEFBFBD64EFBFBD2CEFBFBDD788EFBFBDEFBFBDEFBFBDEFBFBD11EFBFBDEFBFBD00EFBFBD18EBBDB2EFBFBD6C4E4DEFBFBDEFBFBDEFBFBDEFBFBDEFBFBD17EFBFBD5F5741EFBFBD5279EFBFBDEFBFBDEFBFBD72E885902CEFBFBD65EFBFBD1AEFBFBD34EFBFBD3262EFBFBD1C401CEFBFBD57EFBFBDEFBFBD64EFBFBDEFBFBD7D58EFBFBDEFBFBDEFBFBDEFBFBDEFBFBDEFBFBDEFBFBD7439EFBFBD124822EFBFBD72EFBFBDEFBFBDEFBFBDEFBFBDEFBFBD11EFBFBDEFBFBD00EFBFBD18EFBFBDEFBFBDEFBFBDEFBFBDEFBFBD4AEFBFBDEFBFBDEFBFBDEFBFBDDF830F67EFBFBD56EFBFBDEFBFBDC9A9EFBFBD77EFBFBDEFBFBD77EFBFBD5E02496459EFBFBDD5B234EFBFBD3262EFBFBD1C401CEFBFBDEFBFBD6EEFBFBDEFBFBD28146E6834EFBFBDEFBFBDEFBFBD3535EFBFBDEFBFBDEFBFBDEFBFBD2806EFBFBDEFBFBDEFBFBD7EEFBFBD273FEFBFBD2CEFBFBDEFBFBD59EFBFBD665646CC9203EFBFBDEFBFBD5E79EFBFBDEFBFBDEFBFBD6A34EFBFBDEFBFBDEFBFBDEFBFBDEFBFBD6EEFBFBD2135EFBFBD5A5EEFBFBDEFBFBDEFBFBD547E65EFBFBDEFBFBD423FEFBFBD496759EFBFBDC9B234EFBFBD3262EFBFBD1C401CEFBFBDEFBFBDEFBFBD743AEFBFBDEFBFBDEFBFBD6AEFBFBDEFBFBDEFBFBDDABF6FEFBFBDEFBFBDEFBFBDEFBFBD52EFBFBD5BEFBFBDEFBFBDEFBFBD2E2DEFBFBDEFBFBDEFBFBDEFBFBDEFBFBD4A29EFBFBD3AEFBFBD13EFBFBD0EEFBFBDEFBFBD382C4B332B2366EFBFBD01EFBFBD61EFBFBDEFBFBDEFBFBDEFBFBDEFBFBD4AEFBFBDEFBFBD0F73EFBFBDEFBFBD4C70EFBFBD2627EFBFBD383DEFBFBDEFBFBD68240DEFBFBD24EFBFBDEFBFBD65393C4958EFBFBD13665646CB9203EFBFBDEFBFBD5EEFBFBD71333333EFBFBD4E277417EFBFBD17EFBFBDEFBFBDEFBFBD2F665646CC9203EFBFBDEFBFBD5EEFBFBD71EFBFBDEFBFBD5AEFBFBDEFBFBD4277EFBFBD7831EFBFBDED8B87EFBFBD11EFBFBDEFBFBD00EFBFBD57665CEFBFBD5E2FEFBFBD7D3611236508DB97EFBFBD0FEFBFBD6E5FEFBFBD21EFBFBDEFBFBD00EFBFBD57665F2EEFBFBD6BEFBFBD5AEFBFBDEFBFBD60EFBFBD18EFBFBD62EFBFBD7AEFBFBDEFBFBDEFBFBD6F76EFBFBDEFBFBD3D04E89B94EFBFBD6C00EFBFBD5766EFBFBDEFBFBDEFBFBDEFBFBDEFBFBDEFBFBD42EFBFBD2E1823EFBFBDEFBFBD7DD99E76EFBFBDEFBFBD6BEFBFBD1FEFBFBD6E2C1BEFBFBD38EFBFBDD9B7EFBFBDEFBFBD5A2C164377EFBFBD1831EFBFBDEFBFBD17EFBFBDD5A43DEFBFBD3EEFBFBDEFBFBDEFBFBD24EFBFBD06200E7BEFBFBD58EFBFBDEFBFBDEFBFBD6A341AEFBFBDEFBFBD605C18EFBFBDEFBFBDEFBFBD493BEFBFBDEFBFBDEFBFBD5FEFBFBD7179EFBFBDC9B201EFBFBDEFBFBD5E39164EEFBFBDEFBFBD716108EFBFBD2FEFBFBD21463BE6A5BE2F203EEFBFBD06200E7BEFBFBD586836EFBFBDEFBFBD7C3E7417EFBFBD0B43587C7D2F105DEFBFBDD5A4DDBEEFBFBDEFBFBD2C1BEFBFBD38EFBFBDEFBFBD582CEFBFBDEFBFBDEFBFBDEFBFBDEE82B16008DB97EFBFBD01C99BEFBFBD1801EFBFBD06200E7BEFBFBD585C5CEFBFBDEFBFBDEFBFBD09EFBFBD0563EFBFBD10EFBFBD2F7D01EFBFBD291C1836EFBFBD06200E7BEFBFBD68EFBFBD5AEFBFBD5C2E7417EFBFBD0543584C577CEFBFBDDD8E7FEFBFBDEFBFBD23D88D650310EFBFBDEFBFBD72EFBFBDEFBFBDEFBFBDEFBFBD7AEFBFBD1EEFBFBD0BEFBFBDEFBFBD10EFBFBD2F715E4DEFBFBD43EFBFBDEFBFBD4935EFBFBD06200E7BEFBFBD18EFBFBDEFBFBD6AEFBFBD6A35741764EFBFBD216C5FEFBFBDEFBFBDEFBFBDEFBFBDEFBFBDEFBFBD493B5E77EFBFBDEFBFBD3DEFBFBD0D401CEFBFBDEFBFBD31EFBFBDEFBFBD74262727EFBFBD3F433742EFBFBD19EFBFBDEFBFBDEFBFBDEFBFBDC58859720071EFBFBD2BEFBFBDEFBFBDEFBFBDEFBFBDEFBFBDEFBFBDEFBFBD52EFBFBD2EEFBFBD3843D8BE78EFBFBD18EFBFBDEFBFBD4B6BEFBFBD77780E7EEFBFBDEFBFBD30EFBFBD49EFBFBDEFBFBDEFBFBD52EFBFBDEFBFBDEFBFBDEFBFBD72EFBFBD2EEFBFBD3833D3BE78EFBFBD18EFBFBD2BEFBFBDEFBFBD73EFBFBDEFBFBDEFBFBD6F3FEFBFBD6DEFBFBDEFBFBD3BEFBFBD0EEFBFBD36EFBFBDEFBFBD78EFBFBD743AEFBFBD7CEFBFBDEFBFBD6AEFBFBD6EEFBFBD2C330FED8B87EFBFBD11EFBFBDEFBFBDEFBFBD76EFBFBDEFBFBDDEA761741C1DEFBFBD25EFBFBDEFBFBDEFBFBD333333EFBFBDEFBFBDEFBFBD18EFBFBD0BEFBFBDEFBFBD3CEFBFBD2F1E2EEFBFBD21EFBFBD0B3B7BEFBFBDEFBFBD2BEFBFBD616FEFBFBDEFBFBDEFBFBDEFBFBDEFBFBDEFBFBDEFBFBD0C4008EFBFBDEFBFBDEFBFBDEFBFBDEFBFBDEFBFBD5A2C16437741EFBFBDEFBFBDEFBFBDEFBFBDEFBFBDEFBFBDC5B0EFBFBD16EFBFBD06EFBFBD497BEFBFBDEFBFBDEF8A910C20EFBFBD6C5BEFBFBD28EFBFBDEFBFBD37EFBFBDEFBFBDEFBFBD5DEFBFBD59EFBFBD7DEFBFBD70316C7BC7A41D5F6BEFBFBDEFBFBD6AEFBFBD1EEFBFBD68EFBFBD2F00EFBFBDC2B635EFBFBD4EEFBFBDEFBFBDEFBFBD320FED8B87EFBFBD43EFBFBDEFBFBD3BEFBFBD0EEFBFBD6AEFBFBD6E392A4E3AEFBFBDCE81D4B16DEFBFBDEFBFBD46EFBFBD31353515EFBFBD0B32EFBFBD3CEFBFBD2F1E2EEFBFBD2DCE9BEFBFBDC6A7EFBFBD57EFBFBD7E756FEFBFBD0332CFB635EFBFBD0AEFBFBDEFBFBDEFBFBDEFBFBD5AEFBFBD2EEFBFBD26EFBFBDD0BE78EFBFBD18EFBFBDEFBFBD2FEFBFBD5C3126EFBFBD5D2CE6B5AEEFBFBD23EFBFBD64EFBFBD6DEFBFBDEFBFBDEFBFBDEFBFBDEFBFBDEFBFBDEFBFBDEFBFBDEFBFBD5DEFBFBD4DEFBFBD7DEFBFBD70313CEFBFBD4A477B04EFBFBDEFBFBD5E17EFBFBDEFBFBD6D7B7B7402EFBFBD0AEFBFBDEFBFBD31EFBFBD6AEFBFBD72EFBFBD5CEFBFBD2EEFBFBD26EFBFBDD0BE78EFBFBD18EFBFBD2BEFBFBDEFBFBD61EFBFBD37EFBFBD6DEFBFBDEFBFBDEFBFBD1BEFBFBDEFBFBDEFBFBD28EFBFBDEFBFBDEFBFBD6DEFBFBDEFBFBD52EFBFBDEFBFBDEFBFBDEFBFBD12EFBFBD0B32EFBFBD3CEFBFBD2F1E2E0EEFBFBD1EEFBFBDEFBFBDEFBFBD0BEFBFBD6AEFBFBDEFBFBDEFBFBD61EFBFBDD7A976EFBFBD6EEFBFBDEFBFBD0112EFBFBDEFBFBD35EFBFBD6AEFBFBD5AEFBFBD5A0DEFBFBD0519641EEFBFBD170F172366EFBFBD01EFBFBD61EFBFBD1C5FEFBFBD763BEFBFBDEFBFBD753AEFBFBDD08DEFBFBD35EFBFBDEFBFBD7DEFBFBD703162EFBFBD1C401CEFBFBDCAB1363D3DEFBFBDEFBFBDEFBFBD14EFBFBD0BEFBFBDEFBFBD10EFBFBD2F1E2E46CC9203EFBFBDEFBFBD5E39D696EFBFBDEFBFBD2BEFBFBD4AEFBFBD2EC882286F47EFBFBDD79123470AEFBFBD42EFBFBD452EEFBFBDEFBFBDEFBFBD7CEFBFBD1BEFBFBDEFBFBD683442EFBFBDEFBFBD74665646CC9203EFBFBDEFBFBD5E39EFBFBD3AEFBFBD4E34CEB6EFBFBDEFBFBDD08DEFBFBD7A5FEFBFBDD297EFBFBDEFBFBDEFBFBDEAA69B6EEFBFBDEFBFBD78EFBFBDD692EFBFBDEFBFBDCA8859720071EFBFBD2BEFBFBD5DEFBFBD5AEFBFBDEFBFBD6AEFBFBDEFBFBD20EFBFBDEFBFBDEFBFBD7DEFBFBD35EFBFBD6CEFBFBD48EFBFBD7EEFBFBDEFBFBDEFBFBDEFBFBD38CCACEFBFBDEFBFBD250710EFBFBDEFBFBD72DCADEFBFBDEFBFBDEFBFBD4AEFBFBDEFBFBD5DEFBFBD05EFBFBDEFBFBDEFBFBD275FEFBFBDEFBFBDEFBFBD6DC4A4EFBFBD7DEFBFBD633EEFBFBD380E332B2366EFBFBD01EFBFBD61EFBFBDEFBFBDEFBFBDEFBFBDEFBFBD5AEFBFBD56EFBFBD2EC8826BEFBFBDEFBFBD763D23EFBFBD7CEFBFBDEFBFBDEFBFBD7CEFBFBD7914EFBFBD30EFBFBD3262EFBFBD1C401CEFBFBD4AEFBFBD737373EFBFBDEFBFBDEFBFBD200BEFBFBDEFBFBDEFBFBDEFBFBD5D7DEFBFBDEFBFBDEFBFBD10562EEFBFBD1DEFBFBD14EFBFBDEFBFBDEFBFBD11EFBFBDEFBFBD00EFBFBD57EFBFBD5D5B5B2B140AEFBFBDEFBFBD2023EFBFBDEFBFBDEFBFBDEFBFBDEFBFBDC7A4D08DEFBFBDEFBFBDEFBFBDEFBFBD11EFBFBDEFBFBD00EFBFBD5772EFBFBDEFBFBDD494133773285AEFBFBD5634EFBFBD594EEFBFBD5919314B0E200E7B25EFBFBDEFBFBDEFBFBDEFBFBD3BDA9EEFBFBD6208EFBFBD170F172366EFBFBD01EFBFBD61EFBFBDEFBFBD66EFBFBDEFBFBDEFBFBDEFBFBD4377EFBFBD6B3AEFBFBDEFBFBDEFBFBDEFBFBDEFBFBDEFBFBDEFBFBD74EFBFBD54EFBFBDEFBFBDEFBFBDEFBFBD47C4A1EFBFBD1EEFBFBDEFBFBDD1AE542AEFBFBD5A6DEFBFBD2731EFBFBD30EFBFBD325AEFBFBD1C401CEFBFBD4A5E13CD882B2B2BEFBFBDEFBFBDEFBFBD5BEFBFBDD7A3EFBFBD3DEFBFBD48EFBFBDEFBFBD76EFBFBD5D274F3E76EFBFBDEFBFBDEFBFBDEFBFBDEFBFBDD5B02B7AEFBFBDEFBFBD47EFBFBDEFBFBDEFBFBD6FEFBFBDEFBFBD5BEFBFBDEFBFBD7FEFBFBD1F26666665EFBFBD2C39EFBFBD38EC95BC66717171666626741763EFBFBDEFBFBD6E57EFBFBDEFBFBDEFBFBDC78F3FEFBFBDEFBFBDEFBFBDEFBFBDCE9F53EFBFBDEFBFBDEFBFBD67EFBFBDEFBFBDEFBFBD52EFBFBD44EFBFBDEFBFBD44EFBFBD665646CC9203EFBFBDEFBFBD5EEFBFBD6BEFBFBD193DEFBFBDEFBFBDEFBFBDEFBFBDEFBFBD50EFBFBDC7BF50287CEFBFBDEFBFBDEFBFBD3F77EFBFBDEFBFBD4A42EFBFBDEFBFBDEFBFBD3B6EEFBFBDEFBFBDEFBFBD66EFBFBD39EFBFBDEFBFBDEFBFBDCA8859720071EFBFBD2BEFBFBD542EEFBFBDEFBFBDEFBFBD7AEFBFBD2EEFBFBD54EFBFBD5AEFBFBD65EFBFBD575472EAAE935F3976EFBFBD17EFBFBDEFBFBDD49B5919314B0E200E7B25EFBFBDEFBFBD4F1B10EFBFBDEFBFBD7114EFBFBDEFBFBDEFBFBDEFBFBDEFBFBD1F3C15EFBFBDEFBFBDEFBFBDEFBFBD4FEFBFBDEFBFBD4F7FEFBFBD53437DEFBFBDCDACEFBFBDEFBFBD250710EFBFBDEFBFBDEFBFBD4DEFBFBD4E677272EFBFBDEFBFBDEFBFBD462C7AEFBFBDEFBFBDEFBFBDEFBFBD134F7EEFBFBDEFBFBDEFBFBDEFBFBD4A5AEFBFBD79EFBFBD7DEFBFBDE8BB87EFBFBD3150665646CC9203EFBFBDEFBFBD5EEFBFBD65EFBFBDEFBFBDEFBFBD28EFBFBDEFBFBD45247AEFBFBDEFBFBDEFBFBDEFBFBDEFBFBDEFBFBDEFBFBD37EFBFBDEFBFBD0762EFBFBDEFBFBD7AEFBFBDD490EFBFBD33EFBFBDEFBFBD0F43EFBFBD5431332B2366EFBFBD01EFBFBD61EFBFBDEFBFBD32EFBFBD7AEFBFBD5C2EEFBFBDEFBFBD62EFBFBD542AEFBFBDDBBFEFBFBD3FEFBFBD5F7869EFBFBD6E7AEFBFBDEFBFBDEFBFBD76EFBFBDEFBFBD6AEFBFBDEFBFBDEFBFBDEFBFBD3CEFBFBD7DEFBFBD6CEFBFBDEFBFBD331716EFBFBDEFBFBDEFBFBD3F7EEFBFBDEFBFBDEFBFBDEFBFBD75EFBFBD6FEFBFBD7B5FEFBFBD7BEFBFBD4BDDAFEFBFBDEFBFBDEFBFBDEFBFBD1FEFBFBDEFBFBDCCAF6E5C510DEFBFBD1E3CEFBFBD5A2814EFBFBDEFBFBD00CCACEFBFBDEFBFBD250710EFBFBDEFBFBDEFBFBD7EEFBFBD5C6E34EFBFBD4166EFBFBDEFBFBDEFBFBDD4A3EFBFBDEFBFBD6D0CEFBFBDEFBFBD0473EFBFBDEFBFBD7DEFBFBD62EFBFBDEFBFBD0BEFBFBDEFBFBDEFBFBD755FEFBFBD76EFBFBDEFBFBDEFBFBDCD891FEFBFBDEFBFBDEFBFBDEFBFBD2B4FEFBFBDEFBFBD3E7EEFBFBDEFBFBDEFBFBD2BEFBFBD66EFBFBDEFBFBDD885EFBFBD1FEFBFBDEFBFBDC3BD17EFBFBDEFBFBD07EFBFBD6CD79917EFBFBD3B72EFBFBDEFBFBDEFBFBD16EFBFBDEFBFBDEFBFBD11EFBFBDEFBFBD00EFBFBD57EFBFBD6F767676616121741763647272EFBFBD67EFBFBD3A7FEFBFBDEFBFBDEFBFBDEFBFBD26EFBFBDEFBFBD5EEFBFBD7DEFBFBDD28F2E5CEFBFBDEFBFBDEFBFBD1FEFBFBDEFBFBDEFBFBDEFBFBDEFBFBDEFBFBD7FEFBFBDEFBFBD7EEFBFBDEFBFBD2E74EFBFBD2F5CEFBFBD3E7FEFBFBDEFBFBDEFBFBDEFBFBD6EEFBFBDEFBFBDEFBFBDEFBFBDEFBFBD5FEFBFBDC5A417D5B06BEFBFBD63EFBFBDEFBFBDEFBFBD11EFBFBDEFBFBD00EFBFBD57EFBFBD6F7575EFBFBD582CEFBFBDEFBFBD62EFBFBDEFBFBDEFBFBDCE99EFBFBDEFBFBDEFBFBDEFBFBDEFBFBDEFBFBD2F77CFBDEFBFBDEFBFBD05EFBFBDEFBFBDEFBFBD7FEFBFBDEFBFBDEFBFBD7CEFBFBD3F7FEFBFBDEFBFBD2EEFBFBDEFBFBD77EFBFBD62EFBFBD5C2F3EEFBFBDEFBFBDEFBFBDEFBFBD7DEFBFBD55432A31EFBFBD2CEFBFBDEFBFBD00EFBFBD57EFBFBDEFBFBDEFBFBDEFBFBDEFBFBDEFBFBDEFBFBDDA8BEFBFBD7A51E7858DEFBFBD14EFBFBD5EEFBFBD3EEFBFBD52EFBFBD0767EFBFBDEFBFBDEFBFBD7367EFBFBD4EEFBFBD70EFBFBDEFBFBDEFBFBD551313473EEFBFBD6FEFBFBD7AEFBFBD074E3DEFBFBD775D35EFBFBD12EFBFBDEFBFBD124B0E200E7B253B38EFBFBD13EFBFBDEFBFBD71D18B3AEFBFBD6FEFBFBDEFBFBDEFBFBD74EFBFBDEFBFBDEFBFBDDDA75EEFBFBDEFBFBDEFBFBDEFBFBD03EFBFBDEFBFBDEFBFBDEFBFBDEFBFBD5E7BEFBFBDEFBFBD5EEFBFBD37EFBFBDEFBFBDEFBFBDEFBFBD5C16EFBFBDEFBFBD7FEFBFBD54EFBFBD75D5904A4C224B2C39EFBFBD38EFBFBDEFBFBDEFBFBD684C4D4DEFBFBDEFBFBD625C6CEFBFBD492F5FEFBFBD3ED7B9EFBFBD6AEFBFBDD3AF744FEFBFBDEFBFBD78EFBFBDD19F7FEFBFBD4FEFBFBDEFBFBD4DEFBFBD3FEFBFBD3BEFBFBDEFBFBD0F5FEFBFBD76CF9CEFBFBD74EFBFBDEFBFBD15EFBFBD5EEFBFBD5F4C12EFBFBD60EFBFBD2C39EFBFBD38EFBFBDEFBFBD582CEFBFBDEFBFBDEFBFBDEFBFBDEFBFBD622CEFBFBDEFBFBDEFBFBDEFBFBD1BEFBFBD3EEFBFBD4449EFBFBDEFBFBDEFBFBDDDBF3AEFBFBD7DEFBFBDEFBFBDEFBFBD3EEFBFBD3CEFBFBD777EE1A6BFEFBFBDEFBFBD7F78EFBFBDEFBFBDEFBFBD4EEFBFBDEFBFBDEFBFBDEFBFBD67EFBFBD5150EFBFBDEFBFBDEFBFBDEFBFBDEFBFBDEFBFBDEFBFBDEFBFBD5462125962EFBFBD01EFBFBD61EFBFBD64670B0B0BEFBFBDEFBFBDEFBFBDEFBFBDEFBFBD180BEFBFBDEFBFBDEFBFBDDEA8EFBFBD4DC7BEEFBFBDEFBFBDEFBFBD3EEFBFBD486375EFBFBD71CFA9EFBFBD3D0F7DEFBFBDDEAFEFBFBDEFBFBDEFBFBDEFBFBDEFBFBDEFBFBD67EFBFBD7CEFBFBD6BEFBFBDEFBFBDEFBFBD7F4E7DEFBFBDEFBFBDEFBFBDEFBFBDEFBFBDEFBFBDEFBFBD771EEFBFBDEFBFBD5F7CEFBFBD776FEFBFBDEFBFBDEFBFBD1FEFBFBD7A5D35EFBFBD1AEFBFBD58EFBFBD6AEFBFBD72EFBFBDDC906E1C76242601EFBFBD61EFBFBD6467EFBFBDEFBFBDEFBFBDEFBFBD46EFBFBD0B17EFBFBD6A6B7DEFBFBDEFBFBD331331EFBFBDEFBFBD0F7DEFBFBDEFBFBD6A4835EFBFBDEFBFBDEFBFBDEFBFBD6CEFBFBDEFBFBDEFBFBD21EFBFBD38EFBFBD484C02EFBFBDEFBFBD5EC9AEEFBFBDEFBFBD72EFBFBD5E0FEFBFBD45EFBFBDEFBFBD62EFBFBD732AEFBFBD35EFBFBDEFBFBD32EFBFBD4F2CEFBFBD0F6D48370E3B12EFBFBD00EFBFBD57EFBFBDEFBFBD5AEFBFBD56EFBFBD564377EFBFBD7D6252EFBFBD6B7863EFBFBDEFBFBD4A327A6212401CEFBFBD4A76EFBFBDEFBFBD74262727EFBFBD3F4337EFBFBD71EFBFBDEFBFBDEFBFBDEFBFBD4A720D6FEFBFBDEFBFBDEFBFBD2DEFBFBD272601EFBFBD61EFBFBD642FEFBFBDEFBFBDEFBFBD4B4B4BEFBFBDEFBFBDC8B84B31EFBFBDEFBFBD6754EFBFBD6B486365EFBFBDEFBFBDEFBFBDEFBFBDEFBFBDEFBFBD4F0423262601EFBFBD61EFBFBD642F0EEFBFBD18EFBFBD5E4C7A5A25EFBFBDEFBFBD34563AEFBFBD2441EFBFBD490071EFBFBD2BEFBFBD4BEFBFBDEFBFBDEFBFBDEFBFBDEFBFBD562B742359262625EFBFBDEFBFBD3156EFBFBDEFBFBDEFBFBD50EFBFBD24EFBFBD38EFBFBD5CEFBFBDEFBFBDEFBFBDEFBFBDEFBFBDEFBFBD62EFBFBD2EEFBFBDEFBFBD17EFBFBD7EEFBFBDEFBFBD5CEFBFBD182BEFBFBDEFBFBD6AEFBFBD563BEFBFBDEFBFBDEFBFBD2B12EFBFBD00EFBFBD5772052B2B2BEFBFBD5229741759D68B493F5049EFBFBD431F2B1716166666660EEFBFBD3621263109200E7B2557EFBFBDEFBFBDEFBFBDEFBFBD66EFBFBD2E32EFBFBD17EFBFBD5A2AEFBFBD75EFBFBD6365EFBFBDD3A956EFBFBD321201EFBFBD490071EFBFBD2BEFBFBDEFBFBDEFBFBDEFBFBDEFBFBDEFBFBDEFBFBDEFBFBDEFBFBD5D64562F26EFBFBDEFBFBD4A721DEFBFBD58EFBFBD6EEFBFBD171616EFBFBDEFBFBDEFBFBDEFBFBDEFBFBD11EFBFBDEFBFBD0410EFBFBDEFBFBDEFBFBD2B6B341A535353EFBFBDEFBFBDC8ACEFBFBDC5A4EFBFBDEFBFBDEFBFBDEFBFBD7F6227EFBFBDEFBFBDEFBFBD01EFBFBDEFBFBDDF95EFBFBDEFBFBDEFBFBDEFBFBDEFBFBD4AEFBFBD1205EFBFBDEFBFBDEFBFBD59EFBFBD6C20383109200E7B25EFBFBD140AEFBFBDEFBFBDEFBFBDEFBFBDEFBFBD5D645334EFBFBDEFBFBDEFBFBDEFBFBD5329EFBFBDEFBFBDEFBFBDEFBFBDEFBFBD7DEFBFBD59EFBFBD7AEFBFBD5A7D5FEFBFBDEFBFBDEFBFBDEFBFBD4BEFBFBDD28EEFBFBDEF8AA22BEFBFBDEFBFBDEFBFBD2D2F2FEFBFBDEFBFBDEFBFBDEFBFBD6B0D2E11EFBFBD00EFBFBD5712EFBFBDEFBFBDEFBFBD7C34EFBFBDEFBFBD22EFBFBD7AEFBFBDEFBFBDC9B4EFBFBD46EFBFBDEFBFBD5FEFBFBDEFBFBD75EFBFBDEFBFBDEFBFBD71EFBFBD54EFBFBDEFBFBDEFBFBD2CEFBFBDEFBFBD01EFBFBD57124BEFBFBDEFBFBDEFBFBDEFBFBD72EFBFBDEFBFBDC8A65E6C78222D75EFBFBD174F362EEFBFBDEFBFBDEFBFBDDF8B03EFBFBDEFBFBDEFBFBDEFBFBD040EEFBFBDEFBFBD0C10EFBFBDEFBFBDEFBFBDEFBFBD4AEFBFBDEFBFBDEFBFBDEFBFBD4AEFBFBD2E32EFBFBD171B1E4F4BEFBFBDEFBFBDEFBFBDEFBFBD4FEFBFBD7CEFBFBDEFBFBD3256EFBFBD25EFBFBD33401CEFBFBD4AEFBFBDEFBFBD6AEFBFBD6A35741719EFBFBDEFBFBDD8B0EFBFBD6B44EFBFBD3F15EFBFBD20EFBFBDEFBFBD67EFBFBD38EFBFBDEFBFBDEFBFBD6EEFBFBD73EFBFBD5CEFBFBDEFBFBD09EFBFBD48EFBFBDEFBFBD62EFBFBD5FEFBFBDEFBFBDEFBFBDEFBFBDEFBFBDEFBFBDEFBFBDEFBFBDEFBFBDEFBFBD12EFBFBDEFBFBDDF85EFBFBDEFBFBDEFBFBDEFBFBDEFBFBD040EEFBFBDEFBFBD0C10EFBFBDEFBFBDEFBFBD7DEFBFBDEFBFBDEFBFBD5E5A5A0AEFBFBD45EFBFBDEFBFBD62EFBFBDEFBFBDEFBFBD55EFBFBDEFBFBDEFBFBDEFBFBD2EEFBFBDEFBFBD2AEFBFBDEFBFBD1EEFBFBDEFBFBDEFBFBD5E267068EFBFBD67EFBFBD38EFBFBDEFBFBD43EFBFBDEFBFBDEFBFBDEFBFBD14EFBFBDEFBFBDEFBFBDEFBFBDEFBFBD1F2E36EFBFBD5557EFBFBD79EFBFBD023B07EFBFBDEFBFBDEFBFBD1FEFBFBDEFBFBDEFBFBD5E267068EFBFBD67EFBFBD38EFBFBDEFBFBD43EFBFBDEFBFBDEFBFBDEFBFBD723EEFBFBDEFBFBD70EFBFBD62EFBFBDEFBFBDEFBFBD553BEFBFBDEFBFBDEFBFBD77EFBFBDEFBFBDEFBFBDEFBFBD09EFBFBDEFBFBD20EFBFBD37EFBFBD32EFBFBD43633D03EFBFBD61EFBFBD647FEFBFBDEFBFBD6AEFBFBD560BEFBFBD45EFBFBDEFBFBD313FEFBFBDEFBFBDEFBFBDEFBFBD37EFBFBD67EFBFBDDDAEEFBFBDEFBFBD3256EFBFBD25EFBFBD33401CEFBFBD4AEFBFBD676565EFBFBD542AEFBFBDEFBFBD22537AEFBFBDEFBFBDEFBFBDEFBFBD55EFBFBDEFBFBDEFBFBD74EFBFBDEFBFBD25EFBFBDEFBFBDEFBFBD64EFBFBDEFBFBD0C10EFBFBDEFBFBDEFBFBD7DEFBFBDEFBFBD72EFBFBD562B7417EFBFBDD18B0DEFBFBD55EFBFBDEFBFBD5849EFBFBD58EFBFBD0071EFBFBD2BD9B7EFBFBDEFBFBDEFBFBDEFBFBDEFBFBDEFBFBDEFBFBD5D64472F263DEFBFBDEFBFBD5CEFBFBD4AEFBFBDEFBFBD7A06EFBFBDEFBFBD5EC9BEEFBFBDEFBFBDEFBFBD150AEFBFBDEFBFBD5D64EFBFBDEFBFBDEFBFBDEFBFBD3256EFBFBD25EFBFBD33401CEFBFBD4A0E626A6AEFBFBDEFBFBD68EFBFBDEFBFBD22237A31EFBFBD2AEFBFBD65EFBFBD244BEFBFBD67EFBFBD38EFBFBD1CEFBFBDEFBFBDEFBFBDEFBFBDEFBFBDEFBFBD5CEFBFBD2E32221A592E5EEFBFBDEFBFBD4A72192BEFBFBD12EFBFBD19200E7B2507EFBFBD6C36EFBFBDEFBFBD7CEFBFBD2E32EFBFBD17EFBFBDEFBFBDEFBFBDEFBFBD5CEFBFBD4AEFBFBDEFBFBD7A06EFBFBDEFBFBD5EEFBFBD0115EFBFBDEFBFBDEFBFBDEFBFBDEFBFBDEFBFBD5D64412F263554EFBFBDEFBFBD5849EFBFBD58EFBFBD0071EFBFBD2B39EFBFBDEFBFBDEFBFBDC599EFBFBDEFBFBDEFBFBD5D64EFBFBDEFBFBDEFBFBDEFBFBD3256EFBFBD25EFBFBD33401CEFBFBD4A0EEFBFBDEFBFBD6AEFBFBDEFBFBDEFBFBD4EEFBFBD13EFBFBDEFBFBDEFBFBDEFBFBDC5A46FEFBFBD24EFBFBDEFBFBDEFBFBD2CEFBFBDEFBFBD01EFBFBD577270EFBFBD72EFBFBD5EEFBFBDEFBFBDEFBFBD22EFBFBD7A31EFBFBD2AEFBFBD65EFBFBD244BEFBFBD67EFBFBD38EFBFBD1CEFBFBDEFBFBDEFBFBDEFBFBDEFBFBDEFBFBD74EFBFBD2E52EFBFBDC891232FEFBFBD7CEFBFBDEFBFBDEFBFBD475562EFBFBD5849EFBFBD58EFBFBD0071EFBFBD2B39EFBFBD4EEFBFBD333939EFBFBD7D7703EFBFBDEFBFBDEFBFBDEFBFBD6BEFBFBDEFBFBDEFBFBDEFBFBD375462EFBFBD5849EFBFBD58EFBFBD0071EFBFBD2B1948EFBFBD5AEFBFBDEFBFBD6AEFBFBDEFBFBD48EFBFBD72EFBFBDEFBFBDEFBFBDEFBFBDEFBFBDEFBFBDEFBFBDDAADEFBFBDEFBFBDEFBFBDEFBFBDEFBFBDEFBFBDEFBFBDEFBFBDEFBFBD040EEFBFBDEFBFBD0410EFBFBDEFBFBDEFBFBDEFBFBDEFBFBDEFBFBDEFBFBD68EFBFBD0FEFBFBD45EFBFBDEFBFBD3EEFBFBDEFBFBDEFBFBD5DEFBFBD3EEFBFBDEFBFBD597F50EFBFBD54EFBFBD5A0DEFBFBD4CEFBFBDD088490071EFBFBD2B19542EEFBFBD6BEFBFBD5AEFBFBDEFBFBD48EFBFBD66EFBFBD3935EFBFBDCE973BEFBFBD5FEFBFBD7E5D25EFBFBD2AEFBFBDEFBFBD2E2F2FEFBFBD5E267068EFBFBD24EFBFBD38EFBFBD0C6A7676766161217417EFBFBD76E292996EEFBFBD61EFBFBDEFBFBD5A5AEFBFBD4FEFBFBDEFBFBD5E2F2553EFBFBD24EFBFBD38EFBFBD0C6A7575EFBFBD582CEFBFBDEFBFBD22EFBFBD3AEFBFBD4EEFBFBDEFBFBD0BEFBFBDEFBFBDEFBFBD3D782A505BEFBFBDEFBFBD3A3935EFBFBDEFBFBD76EFBFBDEFBFBDEFBFBD0B040EEFBFBDEFBFBD0410EFBFBDEFBFBDEFBFBD43EFBFBDEFBFBDEFBFBDEFBFBD66EFBFBD2ED2ADEFBFBD68140A37341AEFBFBDEFBFBDEFBFBD4A42451929CAAE2B2BEFBFBD1F7A69EFBFBD2113EFBFBD00EFBFBD5772087AEFBFBD193B11EFBFBDEFBFBDEFBFBD5B5D5DEFBFBDEFBFBDEFBFBDEFBFBDEFBFBD3FEFBFBD761F52616B79EFBFBDEFBFBD5353EFBFBDEFBFBDEFBFBDEFBFBD0BEFBFBD28EFBFBDEFBFBDEFBFBD490071EFBFBD2B3904EFBFBD46EFBFBD19EFBFBD0F45EFBFBDD399EFBFBDEFBFBDEFBFBD4A3F5FEFBFBDEFBFBDEFBFBD56EFBFBD2BEFBFBDEFBFBD2935EFBFBD6AEFBFBDEFBFBD7469EFBFBD3F4E4F1FEFBFBD544AEFBFBDD7A1EFBFBD030CEFBFBDEFBFBD0410EFBFBDEFBFBDEFBFBDEFBFBD512C165757574377EFBFBD112B2B2BEFBFBDEFBFBD3FEFBFBDEFBFBDEFBFBD32EFBFBD684D4EEFBFBD717AEFBFBDEFBFBD51520AEFBFBD0460EFBFBD26EFBFBD24EFBFBD18EFBFBD1CEFBFBDEFBFBDEFBFBDEFBFBDEFBFBDEFBFBDEFBFBDEFBFBD5D7070EFBFBD4E27740BEFBFBD28EFBFBD490071EFBFBD2B391CEFBFBD562BEFBFBDCB85EE8283EFBFBDEFBFBDEFBFBD0EEFBFBD02300A6212401CEFBFBD4A0E4DEFBFBD5CEFBFBDEFBFBDEBA1BBEFBFBD20EFBFBDEFBFBDEFBFBDEFBFBDEFBFBDEFBFBD427701EFBFBDEFBFBDEFBFBD0410EFBFBDEFBFBDEFBFBD4353EFBFBDD5AAEFBFBD6AEFBFBD2ED8B728EFBFBD4611377417EFBFBDEFBFBDEFBFBD490071EFBFBD2B3934EFBFBD4E677272EFBFBD212EEFBFBDEFBFBD6834EFBFBDEFBFBD62EFBFBDEFBFBD0EEFBFBD0830226212401CEFBFBD4A0EEFBFBDEFBFBDEFBFBDEFBFBDEFBFBDEFBFBD52EFBFBD2EEFBFBD2B4A47EFBFBD42EFBFBD4703EFBFBD5811EFBFBD00EFBFBD5772EFBFBDEFBFBDEFBFBDEFBFBD2BEFBFBD4AEFBFBD2EEFBFBDEFBFBDEFBFBD6430EFBFBDEFBFBD24EFBFBD38EFBFBD1CEFBFBD4EEFBFBDEFBFBDEFBFBDE5BC832B15666767171616427701EFBFBDEFBFBDEFBFBD0410EFBFBDEFBFBDEFBFBD43363333EFBFBDEFBFBDEFBFBD18EFBFBD0BEFBFBD606969EFBFBD19EFBFBD613CEFBFBD490071EFBFBD2B39642B2B2BEFBFBD52297417EFBFBD657575357AEFBFBDEFBFBD6C03C693EFBFBD0410EFBFBDEFBFBDEFBFBDC397EFBFBDEFBFBD1520EFBFBD5AEFBFBD56EFBFBD50EFBFBDEFBFBD0CEFBFBD0810EFBFBDEFBFBD0410EFBFBDEFBFBDEFBFBDEFBFBD373737373F3F1FEFBFBD0B76EFBFBDEFBFBD744AEFBFBDEFBFBDEFBFBDEFBFBD6AEFBFBD46EFBFBD60EFBFBD24EFBFBD38EFBFBD1CEFBFBD46EFBFBD31353515EFBFBD0B7650EFBFBD566BEFBFBD5AEFBFBD2EEFBFBDEFBFBDEFBFBD24EFBFBD38EFBFBD0C45EFBFBD50585B5B0BEFBFBD05EFBFBD595858EFBFBDEFBFBDEFBFBD0DEFBFBD0510EFBFBDEFBFBD0410EFBFBDEFBFBDEFBFBDEFBFBDEFBFBDEFBFBDEFBFBDEFBFBDEFBFBDEFBFBD0BEFBFBD05EFBFBDEFBFBDEFBFBD7AEFBFBD5C0EEFBFBD0510EFBFBDEFBFBD0410EFBFBDEFBFBDEFBFBDEFBFBD68EFBFBD5AEFBFBD5C2E7417EFBFBDEFBFBDEFBFBD6C160A05EFBFBD670574EFBFBD24EFBFBD78EFBFBD0C4BEFBFBD545A595909EFBFBD05EFBFBD281D15EFBFBDEFBFBD46EFBFBD11EFBFBD112011EFBFBD24EFBFBD38EFBFBD0CEFBFBDEFBFBDEFBFBDEFBFBDEFBFBDEFBFBD4CEFBFBD2EEFBFBD562AEFBFBDEFBFBDEFBFBDEFBFBDEFBFBD5D0049212601EFBFBD61EFBFBD6458EFBFBDEFBFBD762EEFBFBDEFBFBD19EFBFBD6139393BEFBFBD474C02EFBFBDEFBFBD5EEFBFBD10791D23EFBFBDEFBFBDEFBFBDEFBFBDEFBFBDEFBFBDEFBFBDEFBFBD5D00EFBFBD222601EFBFBD61EFBFBD64EFBFBDEFBFBDEFBFBD01EFBFBDEFBFBDEFBFBD15EFBFBD45EFBFBDEFBFBD017DEFBFBD24EFBFBD38EFBFBD0C5134EFBFBDEFBFBD723927581BEFBFBD56EFBFBD1565EFBFBD66EFBFBD19EFBFBD112071EFBFBD24EFBFBD38EFBFBD0C57EFBFBD5AEFBFBDEFBFBD6AEFBFBDEFBFBD182F513A2DEFBFBDEFBFBD4E3308EFBFBD484C02EFBFBDEFBFBD5EEFBFBD7045EFBFBD7AEFBFBD540AEFBFBDEFBFBD78EFBFBDEFBFBDEFBFBD595C5C0CEFBFBD05EFBFBD506212401CEFBFBD4AEFBFBD2EEFBFBDCBB55AEFBFBDEFBFBD5DEFBFBDEFBFBDEFBFBDEFBFBDEFBFBDEFBFBDEFBFBDEFBFBDEFBFBD5D00EFBFBD252601EFBFBD61EFBFBD64E89C937A64565656EFBFBDEFBFBDEFBFBD36007B10EFBFBD00EFBFBD5732746B6B6BEFBFBD42217417EFBFBDEFBFBD6C36EFBFBDEFBFBDEFBFBD0933EFBFBDEFBFBDEFBFBD490071EFBFBD2B19EFBFBDEFBFBDEFBFBDEFBFBD46EFBFBD11EFBFBDEFBFBD2CEFBFBD743AEFBFBD62314AEFBFBDEFBFBD1B01EFBFBD4E4C02EFBFBDEFBFBD5EEFBFBD28EFBFBDEFBFBD09EFBFBD45EFBFBDEFBFBD245F20263109200E7B25EFBFBDEFBFBD6C36EFBFBDEFBFBD7CEFBFBD2E324B0A05EFBFBD13EFBFBD00EFBFBD573222EFBFBD6271757535741719EFBFBDEFBFBDEFBFBD5CEFBFBD54427701EFBFBDEFBFBDEFBFBD0410EFBFBDEFBFBDEFBFBD11595C5CEFBFBDEFBFBDEFBFBD09EFBFBD45EFBFBD341AEFBFBD42EFBFBDEFBFBDEFBFBD76407C6212401CEFBFBD4A46EFBFBDEFBFBD6AEFBFBDEFBFBD7903EFBFBD216AEFBFBDEFBFBD51466A36EFBFBDEFBFBD1B01EFBFBD444C02EFBFBDEFBFBD5EEFBFBDEFBFBDEFBFBDEFBFBD7AEFBFBD1EEFBFBDEFBFBDEFBFBDEFBFBD0267EFBFBD78EFBFBDEFBFBDEFBFBDEFBFBD6E0448193109200E7B25EFBFBDEFBFBDEFBFBDEFBFBD343D3D1DEFBFBDEFBFBDEFBFBDEFBFBDEFBFBDEFBFBD5D585808EFBFBD05EFBFBD3E6212401CEFBFBD4A46EFBFBDEFBFBDEFBFBD4C4E4E7AEFBFBDEFBFBDEFBFBD1CEFBFBD051CEFBFBDEFBFBD0410EFBFBDEFBFBDEFBFBDEFBFBDEFBFBD56EFBFBDEFBFBD5A2D7417E9B6BAEFBFBD5A2AEFBFBDEFBFBD4DEFBFBD60EFBFBD24EFBFBD38EC958C54EFBFBD5E2FEFBFBDCBA1EFBFBD48EFBFBD66EFBFBD592C165BEFBFBD56EFBFBD46EFBFBDEFBFBD12EFBFBD00EFBFBD573252EFBFBD4E27EFBFBDCF9BEFBFBD0F267AEFBFBDEFBFBDEFBFBDEFBFBDEFBFBDEFBFBD16EFBFBD1120EFBFBDEFBFBD24EFBFBD38EC958CEFBFBDEFBFBDEFBFBDEFBFBDEFBFBDEFBFBD62EFBFBD2E52697A7A7A696929741740EFBFBDEFBFBD490071EFBFBD2B19EFBFBDEFBFBDEFBFBDEFBFBD62EFBFBD18EFBFBDEFBFBDEFBFBDEFBFBDEFBFBDEFBFBDEFBFBDEFBFBDEFBFBD0BEFBFBD05EFBFBD7A6212401CEFBFBD4A02EFBFBDEFBFBDEFBFBD3E14755F1CEFBFBD051C163109200E7B2501EFBFBDEFBFBD09EFBFBD456A341AEFBFBD62EFBFBDEFBFBD6EEFBFBD43370264EFBFBDEFBFBD0410EFBFBDEFBFBDEFBFBD00EFBFBDEFBFBD7F6A6A2A7417EFBFBD10EFBFBDEFBFBD42EFBFBDEFBFBDEFBFBD37E0B088490071EFBFBD2B09EFBFBD582CEFBFBDEFBFBDEFBFBDEFBFBDEFBFBD2205EFBFBDEFBFBD72EFBFBD5E0FEFBFBD05EFBFBD1D6212401CEFBFBD4AEFBFBD585858EFBFBDEFBFBDEFBFBD0DEFBFBD45EFBFBD450F51EFBFBD40EFBFBDEFBFBD02EFBFBD143109200E7B2561EFBFBD5AEFBFBD5C2E17EFBFBDEFBFBD445B5A5AEFBFBDEFBFBDEFBFBD0EEFBFBD05EFBFBD356212401CEFBFBD4AEFBFBDEFBFBD76EFBFBD3DEFBFBDEFBFBDEFBFBDEFBFBD4AEFBFBD4EEFBFBD13EFBFBD11206BEFBFBD24EFBFBD38EFBFBD0453EFBFBDD5AAEFBFBD6AEFBFBD2EEFBFBDEFBFBDEFBFBD6A150AEFBFBDEFBFBDEFBFBDD08D0019242601EFBFBD61EFBFBD24EFBFBD76EFBFBDEFBFBDEFBFBDEFBFBD60EFBFBD277A404AEFBFBDEFBFBDEFBFBD5B0043222601EFBFBD61EFBFBD24EFBFBDEFBFBDEFBFBDE9A5A5EFBFBDEFBFBD5D244BEFBFBD5AEFBFBDEFBFBD6AEFBFBDEFBFBD00324B4C02EFBFBDEFBFBD5E4948EFBFBDEFBFBDCB954A25741709EFBFBD04EFBFBDEFBFBDEFBFBDEFBFBD490071EFBFBD2B09EFBFBDEFBFBDEFBFBDEFBFBD72EFBFBD76EFBFBD1DEFBFBDEFBFBD44EFBFBDEFBFBDEFBFBDEFBFBD7239741740C689490071EFBFBD2B096C6666667171317417EFBFBD35EFBFBDEFBFBD42EFBFBD203102EFBFBD262601EFBFBD61EFBFBD24EFBFBDEFBFBDEFBFBDEFBFBD52EFBFBD14EFBFBDEFBFBDEFBFBDEFBFBD74542C161BEFBFBD46EFBFBD46EFBFBDEFBFBD13EFBFBD00EFBFBD57125E3EEFBFBD6F36EFBFBDEFBFBDEFBFBD08EFBFBD52EFBFBD2C2F2FEFBFBDEFBFBD02180B6212401CEFBFBD4AC29BEFBFBDEFBFBDEFBFBDEFBFBDEFBFBD0FEFBFBD4530637EEFBFBDEFBFBD1113EFBFBD00EFBFBD57125EEFBFBDD198EFBFBDEFBFBD0AEFBFBD45184B4B4BEFBFBDEFBFBDD3A1EFBFBD00C688EFBFBD0410EFBFBDEFBFBDEFBFBD44EFBFBD62EFBFBD181EEFBFBDEFBFBDEFBFBDEFBFBD562C167DEFBFBD2E304A6212401CEFBFBD4A12617E7E7E6E6E2E741723EFBFBD6AEFBFBDEFBFBDEFBFBD34EFBFBD076501EFBFBD272601EFBFBD61EFBFBD2411EFBFBDEFBFBDEFBFBDEFBFBDEFBFBD4377313AEFBFBD4EEFBFBD5C2EEFBFBDEFBFBDEFBFBDEFBFBD6E04183B6212401CEFBFBD4AEFBFBDEFBFBD542AEFBFBD4F6CEFBFBD695140286212401CEFBFBD4AEFBFBD22EFBFBD0D517808EFBFBDEFBFBD282C2C2CEFBFBDEFBFBDCE86EFBFBD0218536212401CEFBFBD4AEFBFBDEFBFBDEFBFBD6EEFBFBD72EFBFBDCC9FEFBFBD606565EFBFBD5C2E67EFBFBD6E02EFBFBD252601EFBFBD61EFBFBD244132EFBFBD29EFBFBDEFBFBD66EFBFBD502844EFBFBD307423EFBFBDEFBFBD12EFBFBD00EFBFBD57EFBFBD20EFBFBDEFBFBD10EFBFBD4EEFBFBD532C16EFBFBDEFBFBDEFBFBD423702EFBFBD353109200E7B25091205EFBFBD5C2EEFBFBDEFBFBD175B32EFBFBD5A19EFBFBD0A6212401CEFBFBD4AEFBFBDEFBFBD5AEFBFBDEFBFBD6AEFBFBDEFBFBD5D1CEFBFBD133DEFBFBDEFBFBD0010EFBFBD0062EFBFBD57EFBFBD2C2B2B2BEFBFBD52297417EFBFBD6C7979EFBFBD52EFBFBDEFBFBDEFBFBD02EFBFBD123109200E7B25EFBFBDEFBFBDEFBFBDEFBFBD5AEFBFBD56EFBFBD2E0E4DEFBFBDEFBFBD28140A4E6D0724EFBFBDEFBFBD0410EFBFBDEFBFBDEFBFBDC499EFBFBDEFBFBD5D585808EFBFBDEFBFBDEFBFBD68EFBFBDEFBFBD51466A36EFBFBDEFBFBD1B0178EFBFBDEFBFBD0410EFBFBDEFBFBDEFBFBDEFBFBD595D5D2D16EFBFBDEFBFBDEFBFBD3804EFBFBD4EEFBFBD5C2EEFBFBDEFBFBDEFBFBDEFBFBD6E0460EFBFBDEFBFBD0410EFBFBDEFBFBDEFBFBD24EFBFBDEFBFBDEFBFBD6A341AEFBFBDEFBFBD1854EFBFBD5E160332434C02EFBFBDEFBFBD5E491265EFBFBD70EFBFBDEFBFBDEFBFBD333333EFBFBDEFBFBD00EFBFBD272601EFBFBD61EFBFBD24EFBFBDEFBFBDEFBFBD663EEFBFBD0FEFBFBDEFBFBDEFBFBDEFBFBDEFBFBDEFBFBDEFBFBD4A25EFBFBD6D0012484C02EFBFBDEFBFBD5E494215EFBFBDEFBFBD286CEFBFBDEFBFBDEFBFBD20EFBFBDEFBFBD1735EFBFBDEFBFBDEFBFBDEFBFBD0159222601EFBFBD61EFBFBD24EFBFBD52EFBFBDEFBFBDEFBFBD4EEFBFBD1365EFBFBDEFBFBDEFBFBDEFBFBDD08D00EFBFBD4C4C02EFBFBDEFBFBD5E4942EFBFBD5AEFBFBD7C3EEFBFBDEFBFBDEFBFBDEFBFBD4D4F4F2F2D2DEFBFBDEFBFBD0260576212401CEFBFBD4AEFBFBDEFBFBD5C2EEFBFBDEFBFBDEFBFBDEFBFBD5DEFBFBDEFBFBDEFBFBDEFBFBDEFBFBDEFBFBDEFBFBD5CEFBFBD2E00EFBFBD222601EFBFBD61EFBFBD24EFBFBDEFBFBDEFBFBDEFBFBDEFBFBDEFBFBDEFBFBD43771157EFBFBDEFBFBD5C17EFBFBD0BEFBFBD2B10EFBFBD00EFBFBD57EFBFBD5CEFBFBD4E6772723215EFBFBD6B341AEFBFBD62EFBFBDEFBFBD6EEFBFBD6E04EFBFBD0AEFBFBD24EFBFBD38EFBFBD245A2A0EEFBFBDEFBFBDEFBFBD51EFBFBD506836EFBFBDEFBFBD1B01EFBFBD323109200E7B25EFBFBDEFBFBDEFBFBD77EFBFBDEFBFBDEFBFBD182A60EFBFBDEFBFBD490071EFBFBD2B49EFBFBD4EEFBFBDEFBFBDEFBFBDEFBFBDEFBFBD1944EFBFBDEFBFBDEFBFBD0B0B0BEFBFBDEFBFBD00EFBFBD4B4C02EFBFBDEFBFBD5E49EFBFBDEFBFBDEFBFBDEFBFBD2C2E2EEFBFBDEFBFBD6267EFBFBD3AEFBFBD0440574C02EFBFBDEFBFBD5E49D2ADEFBFBDEFBFBD16EFBFBDEFBFBDEFBFBD5DEFBFBD206AEFBFBD542AEFBFBDEFBFBD0C13001BEFBFBD24EFBFBD38EC95A4403EEFBFBD4FEFBFBD09125AEFBFBD56EFBFBD5048EFBFBD010176242601EFBFBD61EFBFBD24054EEFBFBDEFBFBD6253EFBFBDEFBFBD29EFBFBD4AEFBFBDEFBFBDEFBFBDEFBFBD1B01EFBFBD373109200E7B2529EFBFBD6834EFBFBDEFBFBDEFBFBD4277EFBFBDEFBFBD5AEFBFBDEFBFBD6AEFBFBDEFBFBD5D001CEFBFBDEFBFBD0410EFBFBDEFBFBDEFBFBD742816EFBFBD0979EFBFBD6661616176763674170007242601EFBFBD61EFBFBD241DEFBFBDEFBFBDEFBFBDEFBFBDEFBFBDEFBFBD4277EFBFBDEFBFBDEFBFBD7102D883EFBFBD0410EFBFBDEFBFBDEFBFBD7468EFBFBD5AEFBFBD5C2E6C0FEFBFBD66EFBFBD5028EFBFBDEFBFBDEFBFBD6D000C424C02EFBFBDEFBFBD5E496AEFBFBD4AEFBFBDEFBFBDEFBFBDEFBFBD50EFBFBD3D4A47EFBFBD62EFBFBDEFBFBD68EFBFBD6A00EFBFBD50EFBFBD490071EFBFBD2B49EFBFBD5AEFBFBD56EFBFBD5643EFBFBDEFBFBD4AEFBFBDEFBFBDEFBFBDEFBFBD1CEFBFBD031C163109200E7B25EFBFBDEFBFBD6EEFBFBD73EFBFBD5CEFBFBDEFBFBD73EFBFBDEFBFBDEFBFBDEFBFBDEFBFBDEFBFBD1FEFBFBDEFBFBD0538746212401CEFBFBD4AEFBFBD647A7A7A696969C4BF34EFBFBDEFBFBDEFBFBDEFBFBD1DEFBFBD2F0518123109200E7B2569EFBFBDEFBFBDEFBFBD5CEFBFBD5446EFBFBD1BEFBFBDEFBFBDD68AEFBFBD62EFBFBDEFBFBDEFBFBD00EFBFBD414C02EFBFBDEFBFBD5E49EFBFBD447125EFBFBDCB8DEFBFBD5C73EFBFBD562BEFBFBD48EFBFBD667334EFBFBD0E6004EFBFBD24EFBFBD38EC95A4EFBFBDEFBFBDEFBFBDEFBFBDEFBFBDEFBFBDEFBFBD087E5114EFBFBDEFBFBDEFBFBD72EFBFBD73EFBFBD010CEFBFBDEFBFBD0410EFBFBDEFBFBDEFBFBDEFBFBDEFBFBD724BEFBFBD541AEFBFBD2F1A591E0318253109200E7B25EFBFBDEFBFBDEFBFBDEFBFBD46EFBFBDEFBFBDEFBFBDEFBFBDEFBFBDEFBFBDD9A1EFBFBD0AEFBFBD20EFBFBD24EFBFBD38EC95A4EFBFBDEFBFBDEFBFBDEFBFBD473FEFBFBDEFBFBD5FEFBFBDEFBFBD5F5E5B5B1BEFBFBDEFBFBDEFBFBDEFBFBDEFBFBD65EFBFBD6D0032494C02EFBFBDEFBFBD5E49EFBFBD44EFBFBDEFBFBD031FEFBFBDEFBFBD444F2EEFBFBD3BEFBFBDEFBFBD6F36EFBFBDEFBFBD42616467EFBFBD0018313109200E7B25EFBFBDEFBFBDEFBFBDEFBFBD6762EFBFBD6BEFBFBDEFBFBDEFBFBDEFBFBDEFBFBDEFBFBDEFBFBD3258EFBFBD581CD28B540049202601EFBFBD61EFBFBD2435EFBFBDEFBFBDEEBAAD31EFBFBD277EEFBFBD27067C35EFBFBDEFBFBD6CEFBFBDEFBFBD73EFBFBD52EFBFBD2C2F2F0FEFBFBD294072EFBFBD490071EFBFBD2B49EFBFBD28D5BCEFBFBDEFBFBD6FDE884947EFBFBD1C29EFBFBDCB83EFBFBDEFBFBDD1A347EFBFBDEFBFBD79EFBFBD3BDEB1EFBFBD16EFBFBD133DEFBFBDEFBFBD2B4052EFBFBD490071EFBFBD2B49EFBFBDEFBFBDEFBFBDEFBFBD5C2EEFBFBD1EEFBFBDEFBFBDEFBFBD7CEFBFBD431F3AEFBFBD4D753AEFBFBDEFBFBDEFBFBDEFBFBDC99FEFBFBDEFBFBDEFBFBDEFBFBDEFBFBDEFBFBDEFBFBDEFBFBD4AEFBFBD72EFBFBDEFBFBD0224EFBFBDEFBFBD0410EFBFBDEFBFBDEFBFBDEFBFBDEFBFBD484A3FEFBFBD733FEFBFBDEFBFBDEFBFBDEFBFBDEFBFBD07EFBFBDEFBFBDEFBFBD274F6EEFBFBD30EFBFBD633FEFBFBD633FEFBFBD533FEFBFBDEFBFBD76EFBFBD3810EFBFBD00EFBFBD57EFBFBD3EEFBFBD49EFBFBD6FEFBFBDEFBFBDEFBFBDEFBFBDEFBFBDEFBFBDEFBFBDEFBFBDEFBFBDEFBFBD666E6E6EEFBFBD4E575F7DEFBFBDEFBFBDEFBFBD5EEFBFBDEFBFBDEFBFBD70EFBFBDEFBFBD0224EFBFBDEFBFBD0410EFBFBDEFBFBDEFBFBD54EFBFBDEFBFBD523EEFBFBDEFBFBD07EFBFBDEFBFBD1FEFBFBDEFBFBDEFBFBDEFBFBD6EEFBFBD6D4EEFBFBD3851EFBFBD544A7FEFBFBD5C2E47DF99EFBFBDEFBFBDEFBFBDEFBFBD75EFBFBD7BEFBFBDEFBFBD3602EFBFBD073EEFBFBDEFBFBDEFBFBDEFBFBD29EFBFBD03C681EFBFBD0410EFBFBDEFBFBDEFBFBD546A341A7373736F7FEFBFBDEFBFBD27EFBFBD244A53333333EFBFBDEFBFBDEFBFBD7DEFBFBDEFBFBDEFBFBD77EFBFBD33EFBFBDEFBFBDEFBFBDEFBFBDEFBFBDCFBEEFBFBD5DEF8A925574EFBFBD41EFBFBD08EFBFBDEFBFBDEFBFBD490071EFBFBD2B49EFBFBD66EFBFBD393D3D7DEFBFBD74EFBFBD5DEFBFBDEFBFBDEFBFBDEFBFBDEFBFBD37EFBFBDEFBFBDEFBFBD37EFBFBD70EFBFBDEFBFBDEFBFBDEFBFBDEFBFBDEFBFBD52EFBFBDEFBFBD0330626212401CEFBFBD4A52EFBFBDEFBFBDEFBFBDEFBFBDEFBFBDEFBFBDEFBFBDEFBFBDEFBFBD2347EFBFBD44EFBFBDEFBFBD377EEFBFBD376FEFBFBDEFBFBDEFBFBD77EFBFBDEFBFBDEFBFBD4645DFB9EFBFBD5FEFBFBD382DDE864AEFBFBDEFBFBD6AEFBFBDEFBFBDEFBFBD4F61EFBFBDEFBFBDEFBFBDEFBFBD1FEFBFBDEFBFBD07EFBFBDEFBFBD16EFBFBD48EFBFBD490071EFBFBD2B49EFBFBD66EFBFBD592814EFBFBD5E1DEFBFBDEFBFBDEFBFBD0B675E3C77EFBFBDEFBFBD1E1545EFBFBD282F6DEFBFBD62EFBFBDEFBFBDEFBFBDEFBFBDEFBFBD2F15EFBFBDEFBFBDEFBFBDEFBFBD043056EFBFBD24EFBFBD38EC95A4EFBFBDEFBFBDEFBFBDEFBFBDEFBFBDEFBFBDEFBFBD46CE89EFBFBD52147EEFBFBD4E477DEFBFBDEFBFBDEFBFBDEFBFBDEFBFBD1F3FEFBFBDEFBFBD35EFBFBDEFBFBDEFBFBDEFBFBDEFBFBD770B20003109200E7B25491765EFBFBDEFBFBDEFBFBD0545EFBFBD665F01696BEFBFBD7EEFBFBD17EFBFBDEFBFBD2DEFBFBDEFBFBD06C690EFBFBD0410EFBFBDEFBFBDEFBFBD446B36EFBFBD1BEFBFBD26EFBFBD22EFBFBD4C07EFBFBD48EFBFBDEFBFBDEFBFBD471FEFBFBDEFBFBDEFBFBDEFBFBD784D29EFBFBDEFBFBDEFBFBD771160745AEFBFBD562EEFBFBD0BEFBFBD05400AEFBFBD492457EFBFBDEFBFBDD9883451467AEFBFBDEFBFBDEFBFBD0133EFBFBD7A3DEFBFBDCCB347EFBFBD1EEFBFBD384E294A62EFBFBDEFBFBD28EFBFBDEFBFBD443B5E3EEFBFBD0FEFBFBD05400AEFBFBD4924EFBFBDEFBFBD79EFBFBDEFBFBD5FEFBFBD39EFBFBDEFBFBDEFBFBD5E51EFBFBDEFBFBD78EFBFBDEFBFBD5C2EEFBFBDEFBFBDEFBFBD002352EFBFBDEFBFBD6D7A0071EFBFBD4924EFBFBDEFBFBDEFBFBDDAA11CEFBFBDEFBFBD5BEFBFBD75EFBFBD51EFBFBD5AEFBFBDEFBFBDEFBFBDEFBFBDEFBFBDEFBFBD771760144EEFBFBDEFBFBD022005EFBFBD2412EFBFBD52EFBFBD6CEFBFBDEFBFBDEFBFBDEFBFBD33EFBFBD7AEFBFBDEFBFBDEFBFBDEFBFBDEFBFBDEFBFBD5F11EFBFBDEFBFBD02EFBFBD42EFBFBD5CEFBFBDEFBFBDEBA1BB00480131EFBFBD24EFBFBDEFBFBD52EFBFBDEFBFBDEFBFBDEFBFBD3BEFBFBDEFBFBDEFBFBDEFBFBD134F6EEFBFBDEFBFBDEFBFBDEFBFBDEFBFBD40EFBFBD5AEFBFBD7C3EEFBFBDEFBFBD74423702EFBFBD02621249EFBFBD715452EFBFBD52195246EFBFBD7B41EFBFBD542AEFBFBDEFBFBDEFBFBD00C3B5EFBFBDEFBFBD10EFBFBDEFBFBD00480731EFBFBD24EFBFBDEFBFBDEFBFBDEFBFBDEFBFBD65EFBFBD1F237BEFBFBD17EFBFBD365EEFBFBD6AEFBFBDDBA1EFBFBD37EFBFBDEFBFBD743AEFBFBD686B6DEFBFBD5AEFBFBD1B01480731EFBFBDEFBFBD69341A1B27017FEFBFBDCC8B43EFBFBD49511D3B766CEFBFBDEFBFBDEFBFBD6AEFBFBDEFBFBD771D6058EFBFBDD5AA5D0E203E31EFBFBDC499EFBFBDEFBFBD5FEFBFBD2DEFBFBD3FEFBFBDEFBFBDEFBFBD48517DEFBFBD33EFBFBD59EFBFBD75EFBFBDEFBFBDEFBFBD3BEFBFBDEFBFBDEFBFBDEFBFBDE4B395EFBFBD545B5858EFBFBDEFBFBDEFBFBD09EFBFBD0540EFBFBDEFBFBD49244EEFBFBD6FEFBFBD7A6EEFBFBDC2ADEFBFBDEFBFBD2026EFBFBD7DCFBDEBBFAE582C6E6DEFBFBDEFBFBD6E7FEFBFBD231F59EFBFBDEFBFBD75EFBFBD5D27290169EFBFBDEFBFBD74EFBFBDD5AAEFBFBD04EFBFBD5F6212EFBFBD532EEFBFBDEFBFBDEFBFBDEFBFBD1D5FEFBFBD730431EFBFBDD3A7EFBFBD7FEFBFBDEFBFBD4FEFBFBD5F5C5CEFBFBD38095EEFBFBD452EEFBFBDEFBFBD7E205DEFBFBDEFBFBDEFBFBDEFBFBDEFBFBD42EFBFBDEFBFBD79EFBFBD1DEFBFBD01EFBFBD49244EEFBFBD5058EFBFBD270F3C786A043129EFBFBDEFBFBDEFBFBD38747B4746EFBFBDEFBFBDEFBFBDEFBFBDEFBFBDEFBFBD16EFBFBD62716BEFBFBD0248EFBFBDEFBFBDEFBFBDEFBFBDEFBFBDEFBFBDEFBFBDEFBFBD3BEFBFBD69EFBFBD0A0030EFBFBD0D16EFBFBD1B19007BEFBFBDEFBFBDEFBFBD23EFBFBD583C7A0A4C2913EFBFBD524FEFBFBDEFBFBDEFBFBD462F415E1AEFBFBD346249EFBFBDC8A3470F6DEFBFBD1BEFBFBDEFBFBDEFBFBD48EFBFBD000929C9944462EFBFBD4927EFBFBDEFBFBDEFBFBD55EFBFBD00EFBFBD67EFBFBDEFBFBDEFBFBD184070EFBFBD3C187EEFBFBDEFBFBDEFBFBD06EFBFBD6EEFBFBDEFBFBD3F71EFBFBD7A3D2FEFBFBD007C1FEFBFBD4474EFBFBDEFBFBDD78B3EEFBFBDEFBFBDC387EFBFBD645279EFBFBD76EFBFBDEFBFBD0860EFBFBDEFBFBDEFBFBD63EFBFBD7E7F3C1EDBBD13EFBFBD2E6412EFBFBD69341AEFBFBD1FEFBFBDEFBFBDEFBFBDEFBFBDEFBFBDC9A4727D5D7EEFBFBDEFBFBD6CEFBFBDEFBFBDEFBFBDEFBFBDEFBFBDEFBFBD59EFBFBDCFB1EFBFBDEFBFBDEFBFBD6C36EFBFBD7E540000581CEFBFBD4474EFBFBD29EFBFBDEFBFBD3E34EFBFBDEFBFBDEFBFBDEFBFBDEFBFBD7371EFBFBD2449EFBFBD7BEFBFBD4C26EFBFBD5A6D6363EFBFBDEFBFBDEFBFBDEFBFBDCA8A73EFBFBD0100EFBFBD3F6412EFBFBDEFBFBDEFBFBDEFBFBD2FEFBFBD64313BDDBD3F3D2D2E7763EFBFBD28EFBFBD344DEFBFBDEFBFBDEFBFBDEFBFBDE79FB32CEFBFBDEFBFBD01010060EFBFBD6412EFBFBDEFBFBDEFBFBDEFBFBD45EFBFBD3C7FEFBFBD6201EFBFBDEFBFBDEFBFBDEFBFBDEFBFBDEFBFBD3AEFBFBDEFBFBDED9B99EFBFBD66EFBFBDEFBFBDEFBFBDEFBFBDEFBFBD78EFBFBD03000055EFBFBD4944673AEFBFBD16EFBFBDEFBFBD683416EFBFBD49EFBFBD7777EFBFBDEFBFBD0D06EFBFBDEFBFBDEFBFBD0E0040146412D1B9EFBFBDEFBFBD4EEFBFBD6431EFBFBD387CEFBFBDEFBFBDEFBFBDDCBFEFBFBDEFBFBDEFBFBDEFBFBD03001005EFBFBD44EFBFBDEFBFBDEFBFBDEFBFBDEFBFBD7479EFBFBDEFBFBDEFBFBD07CDA4EFBFBDEFBFBD77EFBFBDEFBFBD55D5830600201632EFBFBD18EFBFBD46EFBFBDEFBFBD5E565757EFBFBD2F2E1F6E2AEFBFBD3C31EFBFBDEFBFBDEFBFBD573D6800006221EFBFBDEFBFBD54EFBFBDEFBFBD2C02EFBFBDEFBFBDEFBFBDEFBFBD0365D2ABEFBFBDEFBFBD722B7007EFBFBD030050EFBFBD49446A3C1EEFBFBD07EFBFBDEFBFBDEFBFBDEFBFBD1FEFBFBDEFBFBD48EFBFBD17EFBFBDEFBFBD54EFBFBD7038EFBFBD7AEFBFBD000044442611EFBFBD7242EFBFBD56EFBFBDEFBFBDEFBFBDD2BB2F5FEFBFBD6D6F6F17EFBFBD3CEFBFBD2547EFBFBD0200304F2611EFBFBD2CEFBFBDEFBFBD6DEFBFBD5AEFBFBD56EFBFBD36EFBFBDEFBFBD4907074FCBA9EFBFBDEFBFBD745AEFBFBD400100EFBFBDEFBFBD4C226AEFBFBD4BEFB6B7EFBFBD3F7EEFBFBD7CEFBFBD79EFBFBDEFBFBD467256120000EFBFBDEFBFBD2462EFBFBDEFBFBD695935EFBFBD5AEFBFBD2E2729EFBFBD55EFBFBDEFBFBDEFBFBD75EFBFBDDDAA07070040EFBFBD64124BEFBFBDEFBFBDEFBFBD6DEFBFBD24EFBFBDCB973F7DC7B4EFBFBDCFAF5FEFBFBD7B3614EFBFBDEFBFBD2D490000EFBFBD2DEFBFBDEFBFBD7218EFBFBD46EFBFBDEFBFBDEFBFBDEFBFBD7D175E1D1EEFBFBDEFBFBD772BEFBFBDEFBFBDEFBFBDEFBFBDEFBFBDEFBFBDEFBFBD695AEFBFBDEFBFBD0000EFBFBDEFBFBD4C6269645956EFBFBD7D571E3EEFBFBD7877EFBFBDEFBFBD376F6EEFBFBDEFBFBD3BEFBFBDEFBFBDEFBFBDEFBFBDEFBFBDC9931FEFBFBD24EFBFBDEFBFBDEFBFBDEFBFBDEFBFBD26EFBFBD49EFBFBD430100206A32EFBFBD2573747434EFBFBD76EFBFBD56EFBFBD353FEFBFBD342FEFBFBD344D2DEFBFBD0300EFBFBD5FEFBFBD24EFBFBD4FEFBFBD3AEFBFBDEFBFBDEFBFBDEFBFBD68EFBFBD532CEFBFBD50EFBFBDEFBFBD7BEFBFBDEFBFBDEFBFBDEFBFBD55EFBFBD370E00EFBFBD72EFBFBD492CEFBFBDEFBFBD6C361C0E3BEFBFBDEFBFBDEFBFBD64EFBFBDD3A8EFBFBD6EEFBFBD69EFBFBD6559D5B70900EFBFBDEFBFBDEFBFBD4900000001EFBFBD04000010EFBFBD4900000001EFBFBD04000010EFBFBD4900000001EFBFBD04000010EFBFBD4900000001EFBFBD04000010EFBFBD4900000001EFBFBD04000010EFBFBD4900000001EFBFBD04000010EFBFBD4900000001EFBFBD04000010EFBFBD4900000001EFBFBD04000010EFBFBD4900000001EFBFBD04000010EFBFBD4900000001EFBFBD04000010EFBFBD4900000001EFBFBD04000010EFBFBD4900000001EFBFBD04000010EFBFBD4900000001EFBFBD04000010EFBFBD4900000001EFBFBD04000010EFBFBD4900000001EFBFBD04000010EFBFBD4900000001EFBFBD04000010EFBFBD49000000EFBFBDEFBFBD00777DD9B7012271EFBFBD0000000049454E44EFBFBD4260EFBFBD, '0');

-- ----------------------------
-- Table structure for `act_ge_property`
-- ----------------------------
DROP TABLE IF EXISTS `act_ge_property`;
CREATE TABLE `act_ge_property` (
  `NAME_` varchar(64) COLLATE utf8_bin NOT NULL DEFAULT '',
  `VALUE_` varchar(300) COLLATE utf8_bin DEFAULT NULL,
  `REV_` int(11) DEFAULT NULL,
  PRIMARY KEY (`NAME_`)
) ENGINE=InnoDB DEFAULT CHARSET=utf8 COLLATE=utf8_bin;

-- ----------------------------
-- Records of act_ge_property
-- ----------------------------
INSERT INTO act_ge_property VALUES ('next.dbid', '20001', '9');
INSERT INTO act_ge_property VALUES ('schema.history', 'create(5.20.0.1)', '1');
INSERT INTO act_ge_property VALUES ('schema.version', '5.20.0.1', '1');

-- ----------------------------
-- Table structure for `act_hi_actinst`
-- ----------------------------
DROP TABLE IF EXISTS `act_hi_actinst`;
CREATE TABLE `act_hi_actinst` (
  `ID_` varchar(64) COLLATE utf8_bin NOT NULL,
  `PROC_DEF_ID_` varchar(64) COLLATE utf8_bin NOT NULL,
  `PROC_INST_ID_` varchar(64) COLLATE utf8_bin NOT NULL,
  `EXECUTION_ID_` varchar(64) COLLATE utf8_bin NOT NULL,
  `ACT_ID_` varchar(255) COLLATE utf8_bin NOT NULL,
  `TASK_ID_` varchar(64) COLLATE utf8_bin DEFAULT NULL,
  `CALL_PROC_INST_ID_` varchar(64) COLLATE utf8_bin DEFAULT NULL,
  `ACT_NAME_` varchar(255) COLLATE utf8_bin DEFAULT NULL,
  `ACT_TYPE_` varchar(255) COLLATE utf8_bin NOT NULL,
  `ASSIGNEE_` varchar(255) COLLATE utf8_bin DEFAULT NULL,
  `START_TIME_` datetime NOT NULL,
  `END_TIME_` datetime DEFAULT NULL,
  `DURATION_` bigint(20) DEFAULT NULL,
  `TENANT_ID_` varchar(255) COLLATE utf8_bin DEFAULT '',
  PRIMARY KEY (`ID_`),
  KEY `ACT_IDX_HI_ACT_INST_START` (`START_TIME_`),
  KEY `ACT_IDX_HI_ACT_INST_END` (`END_TIME_`),
  KEY `ACT_IDX_HI_ACT_INST_PROCINST` (`PROC_INST_ID_`,`ACT_ID_`),
  KEY `ACT_IDX_HI_ACT_INST_EXEC` (`EXECUTION_ID_`,`ACT_ID_`)
) ENGINE=InnoDB DEFAULT CHARSET=utf8 COLLATE=utf8_bin;

-- ----------------------------
-- Records of act_hi_actinst
-- ----------------------------
INSERT INTO act_hi_actinst VALUES ('15002', 'xiaoshou:1:4', '15001', '15001', 'startevent2', null, null, 'Start', 'startEvent', null, '2017-08-09 15:54:21', '2017-08-09 15:54:21', '36', '');
INSERT INTO act_hi_actinst VALUES ('15004', 'xiaoshou:1:4', '15001', '15001', 'usertask1', '15005', null, '', 'userTask', null, '2017-08-09 15:54:21', '2017-08-09 15:54:21', '695', '');
INSERT INTO act_hi_actinst VALUES ('15010', 'xiaoshou:1:4', '15001', '15001', 'exclusivegateway1', null, null, 'Exclusive Gateway', 'exclusiveGateway', null, '2017-08-09 15:54:21', '2017-08-09 15:54:21', '0', '');
INSERT INTO act_hi_actinst VALUES ('15011', 'xiaoshou:1:4', '15001', '15001', 'usertask3', '15012', null, '', 'userTask', null, '2017-08-09 15:54:21', null, null, '');
INSERT INTO act_hi_actinst VALUES ('17502', 'xiaoshou:1:4', '17501', '17501', 'startevent2', null, null, 'Start', 'startEvent', null, '2017-08-09 16:00:31', '2017-08-09 16:00:31', '51', '');
INSERT INTO act_hi_actinst VALUES ('17504', 'xiaoshou:1:4', '17501', '17501', 'usertask1', '17505', null, '', 'userTask', null, '2017-08-09 16:00:31', '2017-08-09 16:00:31', '555', '');
INSERT INTO act_hi_actinst VALUES ('17510', 'xiaoshou:1:4', '17501', '17501', 'exclusivegateway1', null, null, 'Exclusive Gateway', 'exclusiveGateway', null, '2017-08-09 16:00:31', '2017-08-09 16:00:31', '0', '');
INSERT INTO act_hi_actinst VALUES ('17511', 'xiaoshou:1:4', '17501', '17501', 'usertask3', '17512', null, '', 'userTask', null, '2017-08-09 16:00:31', null, null, '');
INSERT INTO act_hi_actinst VALUES ('2502', 'xiaoshou:1:4', '2501', '2501', 'startevent2', null, null, 'Start', 'startEvent', null, '2017-08-08 12:00:24', '2017-08-08 12:00:24', '17', '');
INSERT INTO act_hi_actinst VALUES ('2504', 'xiaoshou:1:4', '2501', '2501', 'usertask1', '2505', null, '', 'userTask', null, '2017-08-08 12:00:24', '2017-08-08 12:00:24', '540', '');
INSERT INTO act_hi_actinst VALUES ('2510', 'xiaoshou:1:4', '2501', '2501', 'exclusivegateway1', null, null, 'Exclusive Gateway', 'exclusiveGateway', null, '2017-08-08 12:00:24', '2017-08-08 12:00:24', '0', '');
INSERT INTO act_hi_actinst VALUES ('2511', 'xiaoshou:1:4', '2501', '2501', 'usertask3', '2512', null, '', 'userTask', null, '2017-08-08 12:00:24', '2017-08-08 14:58:36', '10692814', '');
INSERT INTO act_hi_actinst VALUES ('7505', 'xiaoshou:1:4', '2501', '2501', 'usertask4', '7506', null, '', 'userTask', null, '2017-08-08 14:58:36', '2017-08-08 15:03:11', '275604', '');
INSERT INTO act_hi_actinst VALUES ('7512', 'xiaoshou:1:4', '2501', '7510', 'endevent1', null, null, 'End', 'endEvent', null, '2017-08-08 15:03:11', '2017-08-08 15:03:11', '2', '');
INSERT INTO act_hi_actinst VALUES ('7513', 'xiaoshou:1:4', '2501', '2501', 'usertask3', '7514', null, '', 'userTask', null, '2017-08-08 15:03:11', null, null, '');

-- ----------------------------
-- Table structure for `act_hi_attachment`
-- ----------------------------
DROP TABLE IF EXISTS `act_hi_attachment`;
CREATE TABLE `act_hi_attachment` (
  `ID_` varchar(64) COLLATE utf8_bin NOT NULL,
  `REV_` int(11) DEFAULT NULL,
  `USER_ID_` varchar(255) COLLATE utf8_bin DEFAULT NULL,
  `NAME_` varchar(255) COLLATE utf8_bin DEFAULT NULL,
  `DESCRIPTION_` varchar(4000) COLLATE utf8_bin DEFAULT NULL,
  `TYPE_` varchar(255) COLLATE utf8_bin DEFAULT NULL,
  `TASK_ID_` varchar(64) COLLATE utf8_bin DEFAULT NULL,
  `PROC_INST_ID_` varchar(64) COLLATE utf8_bin DEFAULT NULL,
  `URL_` varchar(4000) COLLATE utf8_bin DEFAULT NULL,
  `CONTENT_ID_` varchar(64) COLLATE utf8_bin DEFAULT NULL,
  `TIME_` datetime DEFAULT NULL,
  PRIMARY KEY (`ID_`)
) ENGINE=InnoDB DEFAULT CHARSET=utf8 COLLATE=utf8_bin;

-- ----------------------------
-- Records of act_hi_attachment
-- ----------------------------

-- ----------------------------
-- Table structure for `act_hi_comment`
-- ----------------------------
DROP TABLE IF EXISTS `act_hi_comment`;
CREATE TABLE `act_hi_comment` (
  `ID_` varchar(64) COLLATE utf8_bin NOT NULL,
  `TYPE_` varchar(255) COLLATE utf8_bin DEFAULT NULL,
  `TIME_` datetime NOT NULL,
  `USER_ID_` varchar(255) COLLATE utf8_bin DEFAULT NULL,
  `TASK_ID_` varchar(64) COLLATE utf8_bin DEFAULT NULL,
  `PROC_INST_ID_` varchar(64) COLLATE utf8_bin DEFAULT NULL,
  `ACTION_` varchar(255) COLLATE utf8_bin DEFAULT NULL,
  `MESSAGE_` varchar(4000) COLLATE utf8_bin DEFAULT NULL,
  `FULL_MSG_` longblob,
  PRIMARY KEY (`ID_`)
) ENGINE=InnoDB DEFAULT CHARSET=utf8 COLLATE=utf8_bin;

-- ----------------------------
-- Records of act_hi_comment
-- ----------------------------
INSERT INTO act_hi_comment VALUES ('10001', 'comment', '2017-08-08 18:08:04', '[]', '7514', '2501', 'AddComment', '', 0xEFBFBDEFBFBDEFBFBDDCB4EFBFBDEFBFBDEFBFBDEFBFBDEFBFBD);
INSERT INTO act_hi_comment VALUES ('12501', 'comment', '2017-08-09 08:17:05', '[]', '7514', '2501', 'AddComment', '', 0xC9B5EFBFBDEFBFBD);
INSERT INTO act_hi_comment VALUES ('15006', 'comment', '2017-08-09 15:54:21', '[]', '15005', '15001', 'AddComment', ':', 0xEFBFBDEFBFBDEFBFBDEFBFBD3AEFBFBDE1BDBBEFBFBDEFBFBDEFBFBDEFBFBD);
INSERT INTO act_hi_comment VALUES ('17506', 'comment', '2017-08-09 16:00:31', '[]', '17505', '17501', 'AddComment', ':', 0xEFBFBDEFBFBDEFBFBDEFBFBD3AEFBFBDE1BDBBEFBFBDEFBFBDEFBFBDEFBFBD);
INSERT INTO act_hi_comment VALUES ('2506', 'comment', '2017-08-08 12:00:24', '[]', '2505', '2501', 'AddComment', ':', 0xEFBFBDC2BAEFBFBD3AEFBFBDE1BDBBEFBFBDEFBFBDEFBFBDEFBFBD);
INSERT INTO act_hi_comment VALUES ('5001', 'comment', '2017-08-08 14:51:22', '[]', '2512', '2501', 'AddComment', '', 0xEFBFBDEFBFBDEFBFBDDCB4EFBFBDEFBFBDEFBFBDEFBFBDEFBFBD);
INSERT INTO act_hi_comment VALUES ('7501', 'comment', '2017-08-08 14:56:56', '[]', '2512', '2501', 'AddComment', '11212', 0x3131323132);
INSERT INTO act_hi_comment VALUES ('7502', 'comment', '2017-08-08 14:57:43', '[]', '2512', '2501', 'AddComment', '3213123', 0x33323133313233);
INSERT INTO act_hi_comment VALUES ('7503', 'comment', '2017-08-08 14:58:36', '[]', '2512', '2501', 'AddComment', '[:]', 0xCDA8EFBFBDEFBFBDEFBFBDEFBFBDEFBFBDEFBFBD5BEFBFBDEFBFBDEFBFBDEFBFBDEFBFBDEFBFBDEFBFBD3AEFBFBDEFBFBD5D);
INSERT INTO act_hi_comment VALUES ('7508', 'comment', '2017-08-08 15:03:11', '[]', '7506', '2501', 'AddComment', '[:]', 0xEFBFBDEFBFBDEFBFBDEFBFBDEFBFBDEFBFBDEFBFBDEFBFBD5BEFBFBDEFBFBDEFBFBDEFBFBDEFBFBDEFBFBDEFBFBD3AEFBFBDEFBFBD5D);

-- ----------------------------
-- Table structure for `act_hi_detail`
-- ----------------------------
DROP TABLE IF EXISTS `act_hi_detail`;
CREATE TABLE `act_hi_detail` (
  `ID_` varchar(64) COLLATE utf8_bin NOT NULL,
  `TYPE_` varchar(255) COLLATE utf8_bin NOT NULL,
  `PROC_INST_ID_` varchar(64) COLLATE utf8_bin DEFAULT NULL,
  `EXECUTION_ID_` varchar(64) COLLATE utf8_bin DEFAULT NULL,
  `TASK_ID_` varchar(64) COLLATE utf8_bin DEFAULT NULL,
  `ACT_INST_ID_` varchar(64) COLLATE utf8_bin DEFAULT NULL,
  `NAME_` varchar(255) COLLATE utf8_bin NOT NULL,
  `VAR_TYPE_` varchar(255) COLLATE utf8_bin DEFAULT NULL,
  `REV_` int(11) DEFAULT NULL,
  `TIME_` datetime NOT NULL,
  `BYTEARRAY_ID_` varchar(64) COLLATE utf8_bin DEFAULT NULL,
  `DOUBLE_` double DEFAULT NULL,
  `LONG_` bigint(20) DEFAULT NULL,
  `TEXT_` varchar(4000) COLLATE utf8_bin DEFAULT NULL,
  `TEXT2_` varchar(4000) COLLATE utf8_bin DEFAULT NULL,
  PRIMARY KEY (`ID_`),
  KEY `ACT_IDX_HI_DETAIL_PROC_INST` (`PROC_INST_ID_`),
  KEY `ACT_IDX_HI_DETAIL_ACT_INST` (`ACT_INST_ID_`),
  KEY `ACT_IDX_HI_DETAIL_TIME` (`TIME_`),
  KEY `ACT_IDX_HI_DETAIL_NAME` (`NAME_`),
  KEY `ACT_IDX_HI_DETAIL_TASK_ID` (`TASK_ID_`)
) ENGINE=InnoDB DEFAULT CHARSET=utf8 COLLATE=utf8_bin;

-- ----------------------------
-- Records of act_hi_detail
-- ----------------------------

-- ----------------------------
-- Table structure for `act_hi_identitylink`
-- ----------------------------
DROP TABLE IF EXISTS `act_hi_identitylink`;
CREATE TABLE `act_hi_identitylink` (
  `ID_` varchar(64) COLLATE utf8_bin NOT NULL DEFAULT '',
  `GROUP_ID_` varchar(255) COLLATE utf8_bin DEFAULT NULL,
  `TYPE_` varchar(255) COLLATE utf8_bin DEFAULT NULL,
  `USER_ID_` varchar(255) COLLATE utf8_bin DEFAULT NULL,
  `TASK_ID_` varchar(64) COLLATE utf8_bin DEFAULT NULL,
  `PROC_INST_ID_` varchar(64) COLLATE utf8_bin DEFAULT NULL,
  PRIMARY KEY (`ID_`),
  KEY `ACT_IDX_HI_IDENT_LNK_USER` (`USER_ID_`),
  KEY `ACT_IDX_HI_IDENT_LNK_TASK` (`TASK_ID_`),
  KEY `ACT_IDX_HI_IDENT_LNK_PROCINST` (`PROC_INST_ID_`)
) ENGINE=InnoDB DEFAULT CHARSET=utf8 COLLATE=utf8_bin;

-- ----------------------------
-- Records of act_hi_identitylink
-- ----------------------------
INSERT INTO act_hi_identitylink VALUES ('15009', null, 'participant', '[]', null, '15001');
INSERT INTO act_hi_identitylink VALUES ('15013', 'az', 'candidate', null, '15012', null);
INSERT INTO act_hi_identitylink VALUES ('17509', null, 'participant', '[]', null, '17501');
INSERT INTO act_hi_identitylink VALUES ('17513', 'az', 'candidate', null, '17512', null);
INSERT INTO act_hi_identitylink VALUES ('2509', null, 'participant', '[]', null, '2501');
INSERT INTO act_hi_identitylink VALUES ('2513', 'az', 'candidate', null, '2512', null);
INSERT INTO act_hi_identitylink VALUES ('7504', null, 'participant', '[]', null, '2501');
INSERT INTO act_hi_identitylink VALUES ('7507', 'gl', 'candidate', null, '7506', null);
INSERT INTO act_hi_identitylink VALUES ('7509', null, 'participant', '[]', null, '2501');
INSERT INTO act_hi_identitylink VALUES ('7515', 'az', 'candidate', null, '7514', null);

-- ----------------------------
-- Table structure for `act_hi_procinst`
-- ----------------------------
DROP TABLE IF EXISTS `act_hi_procinst`;
CREATE TABLE `act_hi_procinst` (
  `ID_` varchar(64) COLLATE utf8_bin NOT NULL,
  `PROC_INST_ID_` varchar(64) COLLATE utf8_bin NOT NULL,
  `BUSINESS_KEY_` varchar(255) COLLATE utf8_bin DEFAULT NULL,
  `PROC_DEF_ID_` varchar(64) COLLATE utf8_bin NOT NULL,
  `START_TIME_` datetime NOT NULL,
  `END_TIME_` datetime DEFAULT NULL,
  `DURATION_` bigint(20) DEFAULT NULL,
  `START_USER_ID_` varchar(255) COLLATE utf8_bin DEFAULT NULL,
  `START_ACT_ID_` varchar(255) COLLATE utf8_bin DEFAULT NULL,
  `END_ACT_ID_` varchar(255) COLLATE utf8_bin DEFAULT NULL,
  `SUPER_PROCESS_INSTANCE_ID_` varchar(64) COLLATE utf8_bin DEFAULT NULL,
  `DELETE_REASON_` varchar(4000) COLLATE utf8_bin DEFAULT NULL,
  `TENANT_ID_` varchar(255) COLLATE utf8_bin DEFAULT '',
  `NAME_` varchar(255) COLLATE utf8_bin DEFAULT NULL,
  PRIMARY KEY (`ID_`),
  UNIQUE KEY `PROC_INST_ID_` (`PROC_INST_ID_`),
  KEY `ACT_IDX_HI_PRO_INST_END` (`END_TIME_`),
  KEY `ACT_IDX_HI_PRO_I_BUSKEY` (`BUSINESS_KEY_`)
) ENGINE=InnoDB DEFAULT CHARSET=utf8 COLLATE=utf8_bin;

-- ----------------------------
-- Records of act_hi_procinst
-- ----------------------------
INSERT INTO act_hi_procinst VALUES ('15001', '15001', null, 'xiaoshou:1:4', '2017-08-09 15:54:21', null, null, null, 'startevent2', null, null, null, '', null);
INSERT INTO act_hi_procinst VALUES ('17501', '17501', null, 'xiaoshou:1:4', '2017-08-09 16:00:31', null, null, null, 'startevent2', null, null, null, '', null);
INSERT INTO act_hi_procinst VALUES ('2501', '2501', null, 'xiaoshou:1:4', '2017-08-08 12:00:24', null, null, null, 'startevent2', null, null, null, '', null);

-- ----------------------------
-- Table structure for `act_hi_taskinst`
-- ----------------------------
DROP TABLE IF EXISTS `act_hi_taskinst`;
CREATE TABLE `act_hi_taskinst` (
  `ID_` varchar(64) COLLATE utf8_bin NOT NULL,
  `PROC_DEF_ID_` varchar(64) COLLATE utf8_bin DEFAULT NULL,
  `TASK_DEF_KEY_` varchar(255) COLLATE utf8_bin DEFAULT NULL,
  `PROC_INST_ID_` varchar(64) COLLATE utf8_bin DEFAULT NULL,
  `EXECUTION_ID_` varchar(64) COLLATE utf8_bin DEFAULT NULL,
  `NAME_` varchar(255) COLLATE utf8_bin DEFAULT NULL,
  `PARENT_TASK_ID_` varchar(64) COLLATE utf8_bin DEFAULT NULL,
  `DESCRIPTION_` varchar(4000) COLLATE utf8_bin DEFAULT NULL,
  `OWNER_` varchar(255) COLLATE utf8_bin DEFAULT NULL,
  `ASSIGNEE_` varchar(255) COLLATE utf8_bin DEFAULT NULL,
  `START_TIME_` datetime NOT NULL,
  `CLAIM_TIME_` datetime DEFAULT NULL,
  `END_TIME_` datetime DEFAULT NULL,
  `DURATION_` bigint(20) DEFAULT NULL,
  `DELETE_REASON_` varchar(4000) COLLATE utf8_bin DEFAULT NULL,
  `PRIORITY_` int(11) DEFAULT NULL,
  `DUE_DATE_` datetime DEFAULT NULL,
  `FORM_KEY_` varchar(255) COLLATE utf8_bin DEFAULT NULL,
  `CATEGORY_` varchar(255) COLLATE utf8_bin DEFAULT NULL,
  `TENANT_ID_` varchar(255) COLLATE utf8_bin DEFAULT '',
  PRIMARY KEY (`ID_`),
  KEY `ACT_IDX_HI_TASK_INST_PROCINST` (`PROC_INST_ID_`)
) ENGINE=InnoDB DEFAULT CHARSET=utf8 COLLATE=utf8_bin;

-- ----------------------------
-- Records of act_hi_taskinst
-- ----------------------------
INSERT INTO act_hi_taskinst VALUES ('15005', 'xiaoshou:1:4', 'usertask1', '15001', '15001', '', null, null, null, null, '2017-08-09 15:54:21', null, '2017-08-09 15:54:21', '652', 'completed', '50', null, null, null, '');
INSERT INTO act_hi_taskinst VALUES ('15012', 'xiaoshou:1:4', 'usertask3', '15001', '15001', '', null, null, null, null, '2017-08-09 15:54:21', null, null, null, null, '50', null, '/renwu/wap/banli.html', null, '');
INSERT INTO act_hi_taskinst VALUES ('17505', 'xiaoshou:1:4', 'usertask1', '17501', '17501', '', null, null, null, null, '2017-08-09 16:00:31', null, '2017-08-09 16:00:31', '524', 'completed', '50', null, null, null, '');
INSERT INTO act_hi_taskinst VALUES ('17512', 'xiaoshou:1:4', 'usertask3', '17501', '17501', '', null, null, null, null, '2017-08-09 16:00:31', null, null, null, null, '50', null, '/renwu/wap/banli.html', null, '');
INSERT INTO act_hi_taskinst VALUES ('2505', 'xiaoshou:1:4', 'usertask1', '2501', '2501', '', null, null, null, null, '2017-08-08 12:00:24', null, '2017-08-08 12:00:24', '498', 'completed', '50', null, null, null, '');
INSERT INTO act_hi_taskinst VALUES ('2512', 'xiaoshou:1:4', 'usertask3', '2501', '2501', '', null, null, null, null, '2017-08-08 12:00:24', null, '2017-08-08 14:58:36', '10692775', 'completed', '50', null, '/renwu/wap/banli.html', null, '');
INSERT INTO act_hi_taskinst VALUES ('7506', 'xiaoshou:1:4', 'usertask4', '2501', '2501', '', null, null, null, null, '2017-08-08 14:58:36', null, '2017-08-08 15:03:11', '275474', 'completed', '50', null, '/renwu/wap/last_banli.html', null, '');
INSERT INTO act_hi_taskinst VALUES ('7514', 'xiaoshou:1:4', 'usertask3', '2501', '2501', '', null, null, null, null, '2017-08-08 15:03:11', null, null, null, null, '50', null, '/renwu/wap/banli.html', null, '');

-- ----------------------------
-- Table structure for `act_hi_varinst`
-- ----------------------------
DROP TABLE IF EXISTS `act_hi_varinst`;
CREATE TABLE `act_hi_varinst` (
  `ID_` varchar(64) COLLATE utf8_bin NOT NULL,
  `PROC_INST_ID_` varchar(64) COLLATE utf8_bin DEFAULT NULL,
  `EXECUTION_ID_` varchar(64) COLLATE utf8_bin DEFAULT NULL,
  `TASK_ID_` varchar(64) COLLATE utf8_bin DEFAULT NULL,
  `NAME_` varchar(255) COLLATE utf8_bin NOT NULL,
  `VAR_TYPE_` varchar(100) COLLATE utf8_bin DEFAULT NULL,
  `REV_` int(11) DEFAULT NULL,
  `BYTEARRAY_ID_` varchar(64) COLLATE utf8_bin DEFAULT NULL,
  `DOUBLE_` double DEFAULT NULL,
  `LONG_` bigint(20) DEFAULT NULL,
  `TEXT_` varchar(4000) COLLATE utf8_bin DEFAULT NULL,
  `TEXT2_` varchar(4000) COLLATE utf8_bin DEFAULT NULL,
  `CREATE_TIME_` datetime DEFAULT NULL,
  `LAST_UPDATED_TIME_` datetime DEFAULT NULL,
  PRIMARY KEY (`ID_`),
  KEY `ACT_IDX_HI_PROCVAR_PROC_INST` (`PROC_INST_ID_`),
  KEY `ACT_IDX_HI_PROCVAR_NAME_TYPE` (`NAME_`,`VAR_TYPE_`),
  KEY `ACT_IDX_HI_PROCVAR_TASK_ID` (`TASK_ID_`)
) ENGINE=InnoDB DEFAULT CHARSET=utf8 COLLATE=utf8_bin;

-- ----------------------------
-- Records of act_hi_varinst
-- ----------------------------
INSERT INTO act_hi_varinst VALUES ('15003', '15001', '15001', null, 'renwuId', 'integer', '0', null, null, '82', '82', null, '2017-08-09 15:54:21', '2017-08-09 15:54:21');
INSERT INTO act_hi_varinst VALUES ('15007', '15001', '15001', null, 'install_', 'string', '0', null, null, null, '', null, '2017-08-09 15:54:21', '2017-08-09 15:54:21');
INSERT INTO act_hi_varinst VALUES ('15008', '15001', '15001', null, 'msg', 'string', '0', null, null, null, '', null, '2017-08-09 15:54:21', '2017-08-09 15:54:21');
INSERT INTO act_hi_varinst VALUES ('17503', '17501', '17501', null, 'renwuId', 'integer', '0', null, null, '83', '83', null, '2017-08-09 16:00:31', '2017-08-09 16:00:31');
INSERT INTO act_hi_varinst VALUES ('17507', '17501', '17501', null, 'install_', 'string', '0', null, null, null, '', null, '2017-08-09 16:00:31', '2017-08-09 16:00:31');
INSERT INTO act_hi_varinst VALUES ('17508', '17501', '17501', null, 'msg', 'string', '0', null, null, null, '', null, '2017-08-09 16:00:31', '2017-08-09 16:00:31');
INSERT INTO act_hi_varinst VALUES ('2503', '2501', '2501', null, 'renwuId', 'integer', '0', null, null, '81', '81', null, '2017-08-08 12:00:24', '2017-08-08 12:00:24');
INSERT INTO act_hi_varinst VALUES ('2507', '2501', '2501', null, 'install_', 'string', '0', null, null, null, '', null, '2017-08-08 12:00:24', '2017-08-08 12:00:24');
INSERT INTO act_hi_varinst VALUES ('2508', '2501', '2501', null, 'msg', 'string', '2', null, null, null, '', null, '2017-08-08 12:00:24', '2017-08-08 15:03:11');

-- ----------------------------
-- Table structure for `act_id_group`
-- ----------------------------
DROP TABLE IF EXISTS `act_id_group`;
CREATE TABLE `act_id_group` (
  `ID_` varchar(64) COLLATE utf8_bin NOT NULL DEFAULT '',
  `REV_` int(11) DEFAULT NULL,
  `NAME_` varchar(255) COLLATE utf8_bin DEFAULT NULL,
  `TYPE_` varchar(255) COLLATE utf8_bin DEFAULT NULL,
  PRIMARY KEY (`ID_`)
) ENGINE=InnoDB DEFAULT CHARSET=utf8 COLLATE=utf8_bin;

-- ----------------------------
-- Records of act_id_group
-- ----------------------------
INSERT INTO act_id_group VALUES ('az', null, '', null);
INSERT INTO act_id_group VALUES ('gl', null, '', null);
INSERT INTO act_id_group VALUES ('', null, 'zuidaima', null);

-- ----------------------------
-- Table structure for `act_id_info`
-- ----------------------------
DROP TABLE IF EXISTS `act_id_info`;
CREATE TABLE `act_id_info` (
  `ID_` varchar(64) COLLATE utf8_bin NOT NULL DEFAULT '',
  `REV_` int(11) DEFAULT NULL,
  `USER_ID_` varchar(64) COLLATE utf8_bin DEFAULT NULL,
  `TYPE_` varchar(64) COLLATE utf8_bin DEFAULT NULL,
  `KEY_` varchar(255) COLLATE utf8_bin DEFAULT NULL,
  `VALUE_` varchar(255) COLLATE utf8_bin DEFAULT NULL,
  `PASSWORD_` longblob,
  `PARENT_ID_` varchar(255) COLLATE utf8_bin DEFAULT NULL,
  PRIMARY KEY (`ID_`)
) ENGINE=InnoDB DEFAULT CHARSET=utf8 COLLATE=utf8_bin;

-- ----------------------------
-- Records of act_id_info
-- ----------------------------

-- ----------------------------
-- Table structure for `act_id_membership`
-- ----------------------------
DROP TABLE IF EXISTS `act_id_membership`;
CREATE TABLE `act_id_membership` (
  `USER_ID_` varchar(64) COLLATE utf8_bin NOT NULL DEFAULT '',
  `GROUP_ID_` varchar(64) COLLATE utf8_bin NOT NULL DEFAULT '',
  PRIMARY KEY (`USER_ID_`,`GROUP_ID_`),
  KEY `ACT_FK_MEMB_GROUP` (`GROUP_ID_`),
  CONSTRAINT `ACT_FK_MEMB_GROUP` FOREIGN KEY (`GROUP_ID_`) REFERENCES `act_id_group` (`ID_`),
  CONSTRAINT `ACT_FK_MEMB_USER` FOREIGN KEY (`USER_ID_`) REFERENCES `act_id_user` (`ID_`)
) ENGINE=InnoDB DEFAULT CHARSET=utf8 COLLATE=utf8_bin;

-- ----------------------------
-- Records of act_id_membership
-- ----------------------------
INSERT INTO act_id_membership VALUES ('001', 'az');
INSERT INTO act_id_membership VALUES ('002', 'az');
INSERT INTO act_id_membership VALUES ('001', 'gl');
INSERT INTO act_id_membership VALUES ('002', 'gl');

-- ----------------------------
-- Table structure for `act_id_user`
-- ----------------------------
DROP TABLE IF EXISTS `act_id_user`;
CREATE TABLE `act_id_user` (
  `ID_` varchar(64) COLLATE utf8_bin NOT NULL DEFAULT '',
  `REV_` int(11) DEFAULT NULL,
  `FIRST_` varchar(255) COLLATE utf8_bin DEFAULT NULL,
  `LAST_` varchar(255) COLLATE utf8_bin DEFAULT NULL,
  `EMAIL_` varchar(255) COLLATE utf8_bin DEFAULT NULL,
  `PWD_` varchar(255) COLLATE utf8_bin DEFAULT NULL,
  `PICTURE_ID_` varchar(64) COLLATE utf8_bin DEFAULT NULL,
  PRIMARY KEY (`ID_`)
) ENGINE=InnoDB DEFAULT CHARSET=utf8 COLLATE=utf8_bin;

-- ----------------------------
-- Records of act_id_user
-- ----------------------------
INSERT INTO act_id_user VALUES ('001', '2', '', '18337537525', '1', '4c817ce75d5ed2f5d38a2e28ee21abba', '2017-08-07 12:03:59');
INSERT INTO act_id_user VALUES ('002', '2', '', '12345678911', '0', '5bda29568e8672d385cc50a705e35546', '2017-08-09 09:15:50');
INSERT INTO act_id_user VALUES ('zuidaima', '2', '', '13520109202', '1', '4c817ce75d5ed2f5d38a2e28ee21abba', '2018-06-27 20:54:54');

-- ----------------------------
-- Table structure for `act_procdef_info`
-- ----------------------------
DROP TABLE IF EXISTS `act_procdef_info`;
CREATE TABLE `act_procdef_info` (
  `ID_` varchar(64) COLLATE utf8_bin NOT NULL,
  `PROC_DEF_ID_` varchar(64) COLLATE utf8_bin NOT NULL,
  `REV_` int(11) DEFAULT NULL,
  `INFO_JSON_ID_` varchar(64) COLLATE utf8_bin DEFAULT NULL,
  PRIMARY KEY (`ID_`),
  UNIQUE KEY `ACT_UNIQ_INFO_PROCDEF` (`PROC_DEF_ID_`),
  KEY `ACT_IDX_INFO_PROCDEF` (`PROC_DEF_ID_`),
  KEY `ACT_FK_INFO_JSON_BA` (`INFO_JSON_ID_`),
  CONSTRAINT `ACT_FK_INFO_JSON_BA` FOREIGN KEY (`INFO_JSON_ID_`) REFERENCES `act_ge_bytearray` (`ID_`),
  CONSTRAINT `ACT_FK_INFO_PROCDEF` FOREIGN KEY (`PROC_DEF_ID_`) REFERENCES `act_re_procdef` (`ID_`)
) ENGINE=InnoDB DEFAULT CHARSET=utf8 COLLATE=utf8_bin;

-- ----------------------------
-- Records of act_procdef_info
-- ----------------------------

-- ----------------------------
-- Table structure for `act_re_deployment`
-- ----------------------------
DROP TABLE IF EXISTS `act_re_deployment`;
CREATE TABLE `act_re_deployment` (
  `ID_` varchar(64) COLLATE utf8_bin NOT NULL DEFAULT '',
  `NAME_` varchar(255) COLLATE utf8_bin DEFAULT NULL,
  `CATEGORY_` varchar(255) COLLATE utf8_bin DEFAULT NULL,
  `TENANT_ID_` varchar(255) COLLATE utf8_bin DEFAULT '',
  `DEPLOY_TIME_` timestamp NULL DEFAULT NULL,
  PRIMARY KEY (`ID_`)
) ENGINE=InnoDB DEFAULT CHARSET=utf8 COLLATE=utf8_bin;

-- ----------------------------
-- Records of act_re_deployment
-- ----------------------------
INSERT INTO act_re_deployment VALUES ('1', '01.zip', null, '', '2017-08-08 11:53:53');

-- ----------------------------
-- Table structure for `act_re_model`
-- ----------------------------
DROP TABLE IF EXISTS `act_re_model`;
CREATE TABLE `act_re_model` (
  `ID_` varchar(64) COLLATE utf8_bin NOT NULL,
  `REV_` int(11) DEFAULT NULL,
  `NAME_` varchar(255) COLLATE utf8_bin DEFAULT NULL,
  `KEY_` varchar(255) COLLATE utf8_bin DEFAULT NULL,
  `CATEGORY_` varchar(255) COLLATE utf8_bin DEFAULT NULL,
  `CREATE_TIME_` timestamp NULL DEFAULT NULL,
  `LAST_UPDATE_TIME_` timestamp NULL DEFAULT NULL,
  `VERSION_` int(11) DEFAULT NULL,
  `META_INFO_` varchar(4000) COLLATE utf8_bin DEFAULT NULL,
  `DEPLOYMENT_ID_` varchar(64) COLLATE utf8_bin DEFAULT NULL,
  `EDITOR_SOURCE_VALUE_ID_` varchar(64) COLLATE utf8_bin DEFAULT NULL,
  `EDITOR_SOURCE_EXTRA_VALUE_ID_` varchar(64) COLLATE utf8_bin DEFAULT NULL,
  `TENANT_ID_` varchar(255) COLLATE utf8_bin DEFAULT '',
  PRIMARY KEY (`ID_`),
  KEY `ACT_FK_MODEL_SOURCE` (`EDITOR_SOURCE_VALUE_ID_`),
  KEY `ACT_FK_MODEL_SOURCE_EXTRA` (`EDITOR_SOURCE_EXTRA_VALUE_ID_`),
  KEY `ACT_FK_MODEL_DEPLOYMENT` (`DEPLOYMENT_ID_`),
  CONSTRAINT `ACT_FK_MODEL_DEPLOYMENT` FOREIGN KEY (`DEPLOYMENT_ID_`) REFERENCES `act_re_deployment` (`ID_`),
  CONSTRAINT `ACT_FK_MODEL_SOURCE` FOREIGN KEY (`EDITOR_SOURCE_VALUE_ID_`) REFERENCES `act_ge_bytearray` (`ID_`),
  CONSTRAINT `ACT_FK_MODEL_SOURCE_EXTRA` FOREIGN KEY (`EDITOR_SOURCE_EXTRA_VALUE_ID_`) REFERENCES `act_ge_bytearray` (`ID_`)
) ENGINE=InnoDB DEFAULT CHARSET=utf8 COLLATE=utf8_bin;

-- ----------------------------
-- Records of act_re_model
-- ----------------------------

-- ----------------------------
-- Table structure for `act_re_procdef`
-- ----------------------------
DROP TABLE IF EXISTS `act_re_procdef`;
CREATE TABLE `act_re_procdef` (
  `ID_` varchar(64) COLLATE utf8_bin NOT NULL,
  `REV_` int(11) DEFAULT NULL,
  `CATEGORY_` varchar(255) COLLATE utf8_bin DEFAULT NULL,
  `NAME_` varchar(255) COLLATE utf8_bin DEFAULT NULL,
  `KEY_` varchar(255) COLLATE utf8_bin NOT NULL,
  `VERSION_` int(11) NOT NULL,
  `DEPLOYMENT_ID_` varchar(64) COLLATE utf8_bin DEFAULT NULL,
  `RESOURCE_NAME_` varchar(4000) COLLATE utf8_bin DEFAULT NULL,
  `DGRM_RESOURCE_NAME_` varchar(4000) COLLATE utf8_bin DEFAULT NULL,
  `DESCRIPTION_` varchar(4000) COLLATE utf8_bin DEFAULT NULL,
  `HAS_START_FORM_KEY_` tinyint(4) DEFAULT NULL,
  `HAS_GRAPHICAL_NOTATION_` tinyint(4) DEFAULT NULL,
  `SUSPENSION_STATE_` int(11) DEFAULT NULL,
  `TENANT_ID_` varchar(255) COLLATE utf8_bin DEFAULT '',
  PRIMARY KEY (`ID_`),
  UNIQUE KEY `ACT_UNIQ_PROCDEF` (`KEY_`,`VERSION_`,`TENANT_ID_`)
) ENGINE=InnoDB DEFAULT CHARSET=utf8 COLLATE=utf8_bin;

-- ----------------------------
-- Records of act_re_procdef
-- ----------------------------
INSERT INTO act_re_procdef VALUES ('xiaoshou:1:4', '1', 'http://www.activiti.org/test', '', 'xiaoshou', '1', '1', 'ruyi_xiaoshou01.bpmn', 'ruyi_xiaoshou01.png', null, '0', '1', '1', '');

-- ----------------------------
-- Table structure for `act_ru_event_subscr`
-- ----------------------------
DROP TABLE IF EXISTS `act_ru_event_subscr`;
CREATE TABLE `act_ru_event_subscr` (
  `ID_` varchar(64) COLLATE utf8_bin NOT NULL,
  `REV_` int(11) DEFAULT NULL,
  `EVENT_TYPE_` varchar(255) COLLATE utf8_bin NOT NULL,
  `EVENT_NAME_` varchar(255) COLLATE utf8_bin DEFAULT NULL,
  `EXECUTION_ID_` varchar(64) COLLATE utf8_bin DEFAULT NULL,
  `PROC_INST_ID_` varchar(64) COLLATE utf8_bin DEFAULT NULL,
  `ACTIVITY_ID_` varchar(64) COLLATE utf8_bin DEFAULT NULL,
  `CONFIGURATION_` varchar(255) COLLATE utf8_bin DEFAULT NULL,
  `CREATED_` timestamp NOT NULL DEFAULT CURRENT_TIMESTAMP,
  `PROC_DEF_ID_` varchar(64) COLLATE utf8_bin DEFAULT NULL,
  `TENANT_ID_` varchar(255) COLLATE utf8_bin DEFAULT '',
  PRIMARY KEY (`ID_`),
  KEY `ACT_IDX_EVENT_SUBSCR_CONFIG_` (`CONFIGURATION_`),
  KEY `ACT_FK_EVENT_EXEC` (`EXECUTION_ID_`),
  CONSTRAINT `ACT_FK_EVENT_EXEC` FOREIGN KEY (`EXECUTION_ID_`) REFERENCES `act_ru_execution` (`ID_`)
) ENGINE=InnoDB DEFAULT CHARSET=utf8 COLLATE=utf8_bin;

-- ----------------------------
-- Records of act_ru_event_subscr
-- ----------------------------

-- ----------------------------
-- Table structure for `act_ru_execution`
-- ----------------------------
DROP TABLE IF EXISTS `act_ru_execution`;
CREATE TABLE `act_ru_execution` (
  `ID_` varchar(64) COLLATE utf8_bin NOT NULL DEFAULT '',
  `REV_` int(11) DEFAULT NULL,
  `PROC_INST_ID_` varchar(64) COLLATE utf8_bin DEFAULT NULL,
  `BUSINESS_KEY_` varchar(255) COLLATE utf8_bin DEFAULT NULL,
  `PARENT_ID_` varchar(64) COLLATE utf8_bin DEFAULT NULL,
  `PROC_DEF_ID_` varchar(64) COLLATE utf8_bin DEFAULT NULL,
  `SUPER_EXEC_` varchar(64) COLLATE utf8_bin DEFAULT NULL,
  `ACT_ID_` varchar(255) COLLATE utf8_bin DEFAULT NULL,
  `IS_ACTIVE_` tinyint(4) DEFAULT NULL,
  `IS_CONCURRENT_` tinyint(4) DEFAULT NULL,
  `IS_SCOPE_` tinyint(4) DEFAULT NULL,
  `IS_EVENT_SCOPE_` tinyint(4) DEFAULT NULL,
  `SUSPENSION_STATE_` int(11) DEFAULT NULL,
  `CACHED_ENT_STATE_` int(11) DEFAULT NULL,
  `TENANT_ID_` varchar(255) COLLATE utf8_bin DEFAULT '',
  `NAME_` varchar(255) COLLATE utf8_bin DEFAULT NULL,
  `LOCK_TIME_` timestamp NULL DEFAULT NULL,
  PRIMARY KEY (`ID_`),
  KEY `ACT_IDX_EXEC_BUSKEY` (`BUSINESS_KEY_`),
  KEY `ACT_FK_EXE_PROCINST` (`PROC_INST_ID_`),
  KEY `ACT_FK_EXE_PARENT` (`PARENT_ID_`),
  KEY `ACT_FK_EXE_SUPER` (`SUPER_EXEC_`),
  KEY `ACT_FK_EXE_PROCDEF` (`PROC_DEF_ID_`),
  CONSTRAINT `ACT_FK_EXE_PARENT` FOREIGN KEY (`PARENT_ID_`) REFERENCES `act_ru_execution` (`ID_`),
  CONSTRAINT `ACT_FK_EXE_PROCDEF` FOREIGN KEY (`PROC_DEF_ID_`) REFERENCES `act_re_procdef` (`ID_`),
  CONSTRAINT `ACT_FK_EXE_PROCINST` FOREIGN KEY (`PROC_INST_ID_`) REFERENCES `act_ru_execution` (`ID_`) ON DELETE CASCADE ON UPDATE CASCADE,
  CONSTRAINT `ACT_FK_EXE_SUPER` FOREIGN KEY (`SUPER_EXEC_`) REFERENCES `act_ru_execution` (`ID_`)
) ENGINE=InnoDB DEFAULT CHARSET=utf8 COLLATE=utf8_bin;

-- ----------------------------
-- Records of act_ru_execution
-- ----------------------------
INSERT INTO act_ru_execution VALUES ('15001', '2', '15001', null, null, 'xiaoshou:1:4', null, 'usertask3', '1', '0', '1', '0', '1', '2', '', null, null);
INSERT INTO act_ru_execution VALUES ('17501', '2', '17501', null, null, 'xiaoshou:1:4', null, 'usertask3', '1', '0', '1', '0', '1', '2', '', null, null);
INSERT INTO act_ru_execution VALUES ('2501', '4', '2501', null, null, 'xiaoshou:1:4', null, 'usertask3', '1', '0', '1', '0', '1', '2', '', null, null);

-- ----------------------------
-- Table structure for `act_ru_identitylink`
-- ----------------------------
DROP TABLE IF EXISTS `act_ru_identitylink`;
CREATE TABLE `act_ru_identitylink` (
  `ID_` varchar(64) COLLATE utf8_bin NOT NULL DEFAULT '',
  `REV_` int(11) DEFAULT NULL,
  `GROUP_ID_` varchar(255) COLLATE utf8_bin DEFAULT NULL,
  `TYPE_` varchar(255) COLLATE utf8_bin DEFAULT NULL,
  `USER_ID_` varchar(255) COLLATE utf8_bin DEFAULT NULL,
  `TASK_ID_` varchar(64) COLLATE utf8_bin DEFAULT NULL,
  `PROC_INST_ID_` varchar(64) COLLATE utf8_bin DEFAULT NULL,
  `PROC_DEF_ID_` varchar(64) COLLATE utf8_bin DEFAULT NULL,
  PRIMARY KEY (`ID_`),
  KEY `ACT_IDX_IDENT_LNK_USER` (`USER_ID_`),
  KEY `ACT_IDX_IDENT_LNK_GROUP` (`GROUP_ID_`),
  KEY `ACT_IDX_ATHRZ_PROCEDEF` (`PROC_DEF_ID_`),
  KEY `ACT_FK_TSKASS_TASK` (`TASK_ID_`),
  KEY `ACT_FK_IDL_PROCINST` (`PROC_INST_ID_`),
  CONSTRAINT `ACT_FK_ATHRZ_PROCEDEF` FOREIGN KEY (`PROC_DEF_ID_`) REFERENCES `act_re_procdef` (`ID_`),
  CONSTRAINT `ACT_FK_IDL_PROCINST` FOREIGN KEY (`PROC_INST_ID_`) REFERENCES `act_ru_execution` (`ID_`),
  CONSTRAINT `ACT_FK_TSKASS_TASK` FOREIGN KEY (`TASK_ID_`) REFERENCES `act_ru_task` (`ID_`)
) ENGINE=InnoDB DEFAULT CHARSET=utf8 COLLATE=utf8_bin;

-- ----------------------------
-- Records of act_ru_identitylink
-- ----------------------------
INSERT INTO act_ru_identitylink VALUES ('15009', '1', null, 'participant', '[]', null, '15001', null);
INSERT INTO act_ru_identitylink VALUES ('15013', '1', 'az', 'candidate', null, '15012', null, null);
INSERT INTO act_ru_identitylink VALUES ('17509', '1', null, 'participant', '[]', null, '17501', null);
INSERT INTO act_ru_identitylink VALUES ('17513', '1', 'az', 'candidate', null, '17512', null, null);
INSERT INTO act_ru_identitylink VALUES ('2509', '1', null, 'participant', '[]', null, '2501', null);
INSERT INTO act_ru_identitylink VALUES ('7504', '1', null, 'participant', '[]', null, '2501', null);
INSERT INTO act_ru_identitylink VALUES ('7509', '1', null, 'participant', '[]', null, '2501', null);
INSERT INTO act_ru_identitylink VALUES ('7515', '1', 'az', 'candidate', null, '7514', null, null);

-- ----------------------------
-- Table structure for `act_ru_job`
-- ----------------------------
DROP TABLE IF EXISTS `act_ru_job`;
CREATE TABLE `act_ru_job` (
  `ID_` varchar(64) COLLATE utf8_bin NOT NULL,
  `REV_` int(11) DEFAULT NULL,
  `TYPE_` varchar(255) COLLATE utf8_bin NOT NULL,
  `LOCK_EXP_TIME_` timestamp NULL DEFAULT NULL,
  `LOCK_OWNER_` varchar(255) COLLATE utf8_bin DEFAULT NULL,
  `EXCLUSIVE_` tinyint(1) DEFAULT NULL,
  `EXECUTION_ID_` varchar(64) COLLATE utf8_bin DEFAULT NULL,
  `PROCESS_INSTANCE_ID_` varchar(64) COLLATE utf8_bin DEFAULT NULL,
  `PROC_DEF_ID_` varchar(64) COLLATE utf8_bin DEFAULT NULL,
  `RETRIES_` int(11) DEFAULT NULL,
  `EXCEPTION_STACK_ID_` varchar(64) COLLATE utf8_bin DEFAULT NULL,
  `EXCEPTION_MSG_` varchar(4000) COLLATE utf8_bin DEFAULT NULL,
  `DUEDATE_` timestamp NULL DEFAULT NULL,
  `REPEAT_` varchar(255) COLLATE utf8_bin DEFAULT NULL,
  `HANDLER_TYPE_` varchar(255) COLLATE utf8_bin DEFAULT NULL,
  `HANDLER_CFG_` varchar(4000) COLLATE utf8_bin DEFAULT NULL,
  `TENANT_ID_` varchar(255) COLLATE utf8_bin DEFAULT '',
  PRIMARY KEY (`ID_`),
  KEY `ACT_FK_JOB_EXCEPTION` (`EXCEPTION_STACK_ID_`),
  CONSTRAINT `ACT_FK_JOB_EXCEPTION` FOREIGN KEY (`EXCEPTION_STACK_ID_`) REFERENCES `act_ge_bytearray` (`ID_`)
) ENGINE=InnoDB DEFAULT CHARSET=utf8 COLLATE=utf8_bin;

-- ----------------------------
-- Records of act_ru_job
-- ----------------------------

-- ----------------------------
-- Table structure for `act_ru_task`
-- ----------------------------
DROP TABLE IF EXISTS `act_ru_task`;
CREATE TABLE `act_ru_task` (
  `ID_` varchar(64) COLLATE utf8_bin NOT NULL DEFAULT '',
  `REV_` int(11) DEFAULT NULL,
  `EXECUTION_ID_` varchar(64) COLLATE utf8_bin DEFAULT NULL,
  `PROC_INST_ID_` varchar(64) COLLATE utf8_bin DEFAULT NULL,
  `PROC_DEF_ID_` varchar(64) COLLATE utf8_bin DEFAULT NULL,
  `NAME_` varchar(255) COLLATE utf8_bin DEFAULT NULL,
  `PARENT_TASK_ID_` varchar(64) COLLATE utf8_bin DEFAULT NULL,
  `DESCRIPTION_` varchar(4000) COLLATE utf8_bin DEFAULT NULL,
  `TASK_DEF_KEY_` varchar(255) COLLATE utf8_bin DEFAULT NULL,
  `OWNER_` varchar(255) COLLATE utf8_bin DEFAULT NULL,
  `ASSIGNEE_` varchar(255) COLLATE utf8_bin DEFAULT NULL,
  `DELEGATION_` varchar(64) COLLATE utf8_bin DEFAULT NULL,
  `PRIORITY_` int(11) DEFAULT NULL,
  `CREATE_TIME_` timestamp NULL DEFAULT NULL,
  `DUE_DATE_` datetime DEFAULT NULL,
  `CATEGORY_` varchar(255) COLLATE utf8_bin DEFAULT NULL,
  `SUSPENSION_STATE_` int(11) DEFAULT NULL,
  `TENANT_ID_` varchar(255) COLLATE utf8_bin DEFAULT '',
  `FORM_KEY_` varchar(255) COLLATE utf8_bin DEFAULT NULL,
  PRIMARY KEY (`ID_`),
  KEY `ACT_IDX_TASK_CREATE` (`CREATE_TIME_`),
  KEY `ACT_FK_TASK_EXE` (`EXECUTION_ID_`),
  KEY `ACT_FK_TASK_PROCINST` (`PROC_INST_ID_`),
  KEY `ACT_FK_TASK_PROCDEF` (`PROC_DEF_ID_`),
  CONSTRAINT `ACT_FK_TASK_EXE` FOREIGN KEY (`EXECUTION_ID_`) REFERENCES `act_ru_execution` (`ID_`),
  CONSTRAINT `ACT_FK_TASK_PROCDEF` FOREIGN KEY (`PROC_DEF_ID_`) REFERENCES `act_re_procdef` (`ID_`),
  CONSTRAINT `ACT_FK_TASK_PROCINST` FOREIGN KEY (`PROC_INST_ID_`) REFERENCES `act_ru_execution` (`ID_`)
) ENGINE=InnoDB DEFAULT CHARSET=utf8 COLLATE=utf8_bin;

-- ----------------------------
-- Records of act_ru_task
-- ----------------------------
INSERT INTO act_ru_task VALUES ('15012', '1', '15001', '15001', 'xiaoshou:1:4', '', null, null, 'usertask3', null, null, null, '50', '2017-08-09 15:54:21', null, null, '1', '', '/renwu/wap/banli.html');
INSERT INTO act_ru_task VALUES ('17512', '1', '17501', '17501', 'xiaoshou:1:4', '', null, null, 'usertask3', null, null, null, '50', '2017-08-09 16:00:31', null, null, '1', '', '/renwu/wap/banli.html');
INSERT INTO act_ru_task VALUES ('7514', '1', '2501', '2501', 'xiaoshou:1:4', '', null, null, 'usertask3', null, null, null, '50', '2017-08-08 15:03:11', null, null, '1', '', '/renwu/wap/banli.html');

-- ----------------------------
-- Table structure for `act_ru_variable`
-- ----------------------------
DROP TABLE IF EXISTS `act_ru_variable`;
CREATE TABLE `act_ru_variable` (
  `ID_` varchar(64) COLLATE utf8_bin NOT NULL,
  `REV_` int(11) DEFAULT NULL,
  `TYPE_` varchar(255) COLLATE utf8_bin NOT NULL,
  `NAME_` varchar(255) COLLATE utf8_bin NOT NULL,
  `EXECUTION_ID_` varchar(64) COLLATE utf8_bin DEFAULT NULL,
  `PROC_INST_ID_` varchar(64) COLLATE utf8_bin DEFAULT NULL,
  `TASK_ID_` varchar(64) COLLATE utf8_bin DEFAULT NULL,
  `BYTEARRAY_ID_` varchar(64) COLLATE utf8_bin DEFAULT NULL,
  `DOUBLE_` double DEFAULT NULL,
  `LONG_` bigint(20) DEFAULT NULL,
  `TEXT_` varchar(4000) COLLATE utf8_bin DEFAULT NULL,
  `TEXT2_` varchar(4000) COLLATE utf8_bin DEFAULT NULL,
  PRIMARY KEY (`ID_`),
  KEY `ACT_IDX_VARIABLE_TASK_ID` (`TASK_ID_`),
  KEY `ACT_FK_VAR_EXE` (`EXECUTION_ID_`),
  KEY `ACT_FK_VAR_PROCINST` (`PROC_INST_ID_`),
  KEY `ACT_FK_VAR_BYTEARRAY` (`BYTEARRAY_ID_`),
  CONSTRAINT `ACT_FK_VAR_BYTEARRAY` FOREIGN KEY (`BYTEARRAY_ID_`) REFERENCES `act_ge_bytearray` (`ID_`),
  CONSTRAINT `ACT_FK_VAR_EXE` FOREIGN KEY (`EXECUTION_ID_`) REFERENCES `act_ru_execution` (`ID_`),
  CONSTRAINT `ACT_FK_VAR_PROCINST` FOREIGN KEY (`PROC_INST_ID_`) REFERENCES `act_ru_execution` (`ID_`)
) ENGINE=InnoDB DEFAULT CHARSET=utf8 COLLATE=utf8_bin;

-- ----------------------------
-- Records of act_ru_variable
-- ----------------------------
INSERT INTO act_ru_variable VALUES ('15003', '1', 'integer', 'renwuId', '15001', '15001', null, null, null, '82', '82', null);
INSERT INTO act_ru_variable VALUES ('15007', '1', 'string', 'install_', '15001', '15001', null, null, null, null, '', null);
INSERT INTO act_ru_variable VALUES ('15008', '1', 'string', 'msg', '15001', '15001', null, null, null, null, '', null);
INSERT INTO act_ru_variable VALUES ('17503', '1', 'integer', 'renwuId', '17501', '17501', null, null, null, '83', '83', null);
INSERT INTO act_ru_variable VALUES ('17507', '1', 'string', 'install_', '17501', '17501', null, null, null, null, '', null);
INSERT INTO act_ru_variable VALUES ('17508', '1', 'string', 'msg', '17501', '17501', null, null, null, null, '', null);
INSERT INTO act_ru_variable VALUES ('2503', '1', 'integer', 'renwuId', '2501', '2501', null, null, null, '81', '81', null);
INSERT INTO act_ru_variable VALUES ('2507', '1', 'string', 'install_', '2501', '2501', null, null, null, null, '', null);
INSERT INTO act_ru_variable VALUES ('2508', '2', 'string', 'msg', '2501', '2501', null, null, null, null, '', null);

-- ----------------------------
-- Table structure for `t_assigned`
-- ----------------------------
DROP TABLE IF EXISTS `t_assigned`;
CREATE TABLE `t_assigned` (
  `taskId` varchar(100) DEFAULT NULL
) ENGINE=InnoDB DEFAULT CHARSET=utf8;

-- ----------------------------
-- Records of t_assigned
-- ----------------------------
INSERT INTO t_assigned VALUES ('7514');

-- ----------------------------
-- Table structure for `t_config`
-- ----------------------------
DROP TABLE IF EXISTS `t_config`;
CREATE TABLE `t_config` (
  `id` int(11) NOT NULL AUTO_INCREMENT,
  `da_ka_count` int(11) DEFAULT NULL,
  `web_site_url` varchar(200) DEFAULT NULL,
  `days` int(11) DEFAULT NULL,
  PRIMARY KEY (`id`)
) ENGINE=InnoDB AUTO_INCREMENT=2 DEFAULT CHARSET=utf8;

-- ----------------------------
-- Records of t_config
-- ----------------------------
INSERT INTO t_config VALUES ('1', '1', 'http://uwtft4.natappfree.cc', '20');

-- ----------------------------
-- Table structure for `t_fendian`
-- ----------------------------
DROP TABLE IF EXISTS `t_fendian`;
CREATE TABLE `t_fendian` (
  `id` int(11) NOT NULL AUTO_INCREMENT,
  `name` varchar(50) DEFAULT NULL,
  `isUse` int(11) DEFAULT NULL,
  PRIMARY KEY (`id`)
) ENGINE=InnoDB AUTO_INCREMENT=3 DEFAULT CHARSET=utf8;

-- ----------------------------
-- Records of t_fendian
-- ----------------------------
INSERT INTO t_fendian VALUES ('1', '', '1');
INSERT INTO t_fendian VALUES ('2', '', '1');

-- ----------------------------
-- Table structure for `t_guzhang`
-- ----------------------------
DROP TABLE IF EXISTS `t_guzhang`;
CREATE TABLE `t_guzhang` (
  `id` int(11) NOT NULL AUTO_INCREMENT,
  `name` varchar(100) DEFAULT NULL,
  `isUse` int(8) DEFAULT NULL,
  PRIMARY KEY (`id`)
) ENGINE=InnoDB AUTO_INCREMENT=2 DEFAULT CHARSET=utf8;

-- ----------------------------
-- Records of t_guzhang
-- ----------------------------
INSERT INTO t_guzhang VALUES ('1', '1212', '1');

-- ----------------------------
-- Table structure for `t_install_pos`
-- ----------------------------
DROP TABLE IF EXISTS `t_install_pos`;
CREATE TABLE `t_install_pos` (
  `id` int(11) NOT NULL AUTO_INCREMENT,
  `name` varchar(30) DEFAULT NULL,
  `isUse` int(5) DEFAULT NULL,
  PRIMARY KEY (`id`)
) ENGINE=InnoDB AUTO_INCREMENT=4 DEFAULT CHARSET=utf8;

-- ----------------------------
-- Records of t_install_pos
-- ----------------------------
INSERT INTO t_install_pos VALUES ('1', '33333', '1');
INSERT INTO t_install_pos VALUES ('2', '3333', '1');
INSERT INTO t_install_pos VALUES ('3', '43234234', '1');

-- ----------------------------
-- Table structure for `t_jixing`
-- ----------------------------
DROP TABLE IF EXISTS `t_jixing`;
CREATE TABLE `t_jixing` (
  `id` int(11) NOT NULL AUTO_INCREMENT,
  `name` varchar(100) DEFAULT NULL,
  `isUse` int(8) DEFAULT NULL,
  PRIMARY KEY (`id`)
) ENGINE=InnoDB AUTO_INCREMENT=6 DEFAULT CHARSET=utf8;

-- ----------------------------
-- Records of t_jixing
-- ----------------------------
INSERT INTO t_jixing VALUES ('1', 's100', '1');
INSERT INTO t_jixing VALUES ('2', 's200', '1');
INSERT INTO t_jixing VALUES ('3', '', '1');
INSERT INTO t_jixing VALUES ('4', '', '1');
INSERT INTO t_jixing VALUES ('5', 'zuidaima', '1');

-- ----------------------------
-- Table structure for `t_process_variable`
-- ----------------------------
DROP TABLE IF EXISTS `t_process_variable`;
CREATE TABLE `t_process_variable` (
  `id` int(11) NOT NULL AUTO_INCREMENT,
  `procdefId` varchar(60) DEFAULT NULL,
  `taskName` varchar(60) DEFAULT NULL,
  `variableName` varchar(60) DEFAULT NULL,
  `variableValue` varchar(60) DEFAULT NULL,
  PRIMARY KEY (`id`)
) ENGINE=InnoDB AUTO_INCREMENT=5 DEFAULT CHARSET=utf8;

-- ----------------------------
-- Records of t_process_variable
-- ----------------------------
INSERT INTO t_process_variable VALUES ('4', 'xiaoshou:1:4', '', 'install_', '');

-- ----------------------------
-- Table structure for `t_renwu`
-- ----------------------------
DROP TABLE IF EXISTS `t_renwu`;
CREATE TABLE `t_renwu` (
  `id` int(11) NOT NULL AUTO_INCREMENT,
  `dingdan_num` varchar(50) DEFAULT NULL,
  `createDateTime` datetime DEFAULT NULL,
  `createUserId` varchar(100) DEFAULT NULL,
  `processInstanceId` varchar(100) DEFAULT NULL,
  `isLock` int(11) DEFAULT NULL,
  `state` int(11) DEFAULT NULL,
  `acceptUserId` varchar(100) DEFAULT NULL,
  `acceptDateTime` datetime DEFAULT NULL,
  `processDefinitionKey` varchar(50) DEFAULT NULL,
  `processDefinitionName` varchar(50) DEFAULT NULL,
  `version_` int(11) DEFAULT NULL,
  `processDefinitionId` varchar(100) DEFAULT NULL,
  `bindUserId` varchar(100) DEFAULT NULL,
  `xiaoshouId` int(11) DEFAULT NULL,
  `fendianId` int(11) DEFAULT NULL,
  PRIMARY KEY (`id`)
) ENGINE=InnoDB AUTO_INCREMENT=84 DEFAULT CHARSET=utf8;

-- ----------------------------
-- Records of t_renwu
-- ----------------------------
INSERT INTO t_renwu VALUES ('81', null, '2017-08-08 12:00:23', '001', '2501', '2', '1', '001', '2017-08-08 18:08:03', 'xiaoshou', '', '1', 'xiaoshou:1:4', null, '7', '1');
INSERT INTO t_renwu VALUES ('82', null, '2017-08-09 15:54:20', '002', '15001', '1', '1', null, null, 'xiaoshou', '', '1', 'xiaoshou:1:4', null, '8', '2');
INSERT INTO t_renwu VALUES ('83', null, '2017-08-09 16:00:30', '002', '17501', '1', '1', null, null, 'xiaoshou', '', '1', 'xiaoshou:1:4', null, '9', '2');

-- ----------------------------
-- Table structure for `t_renwu_idtt`
-- ----------------------------
DROP TABLE IF EXISTS `t_renwu_idtt`;
CREATE TABLE `t_renwu_idtt` (
  `renwuId` int(11) DEFAULT NULL,
  `userId` varchar(100) DEFAULT NULL,
  `renwuCreateDateTime` datetime DEFAULT NULL,
  `processDefinitionKey` varchar(200) DEFAULT NULL,
  `fendianId` int(11) DEFAULT NULL
) ENGINE=InnoDB DEFAULT CHARSET=utf8;

-- ----------------------------
-- Records of t_renwu_idtt
-- ----------------------------
INSERT INTO t_renwu_idtt VALUES ('81', '001', '2017-08-08 12:00:23', 'xiaoshou', '1');
INSERT INTO t_renwu_idtt VALUES ('82', '002', '2017-08-09 15:54:20', 'xiaoshou', '2');
INSERT INTO t_renwu_idtt VALUES ('83', '002', '2017-08-09 16:00:30', 'xiaoshou', '2');

-- ----------------------------
-- Table structure for `t_show_phone`
-- ----------------------------
DROP TABLE IF EXISTS `t_show_phone`;
CREATE TABLE `t_show_phone` (
  `id` int(11) NOT NULL AUTO_INCREMENT,
  `taskName` varchar(40) DEFAULT NULL,
  `procdefId` varchar(100) DEFAULT NULL,
  `type` varchar(10) DEFAULT NULL,
  `currentUser` varchar(5) DEFAULT NULL,
  `client` varchar(5) DEFAULT NULL,
  PRIMARY KEY (`id`)
) ENGINE=InnoDB DEFAULT CHARSET=utf8;

-- ----------------------------
-- Records of t_show_phone
-- ----------------------------

-- ----------------------------
-- Table structure for `t_shuiyuan`
-- ----------------------------
DROP TABLE IF EXISTS `t_shuiyuan`;
CREATE TABLE `t_shuiyuan` (
  `id` int(11) NOT NULL AUTO_INCREMENT,
  `name` varchar(100) DEFAULT NULL,
  `isUse` int(8) DEFAULT NULL,
  PRIMARY KEY (`id`)
) ENGINE=InnoDB AUTO_INCREMENT=5 DEFAULT CHARSET=utf8;

-- ----------------------------
-- Records of t_shuiyuan
-- ----------------------------
INSERT INTO t_shuiyuan VALUES ('1', '', '1');
INSERT INTO t_shuiyuan VALUES ('2', '', '1');
INSERT INTO t_shuiyuan VALUES ('3', '', '1');
INSERT INTO t_shuiyuan VALUES ('4', '', '1');

-- ----------------------------
-- Table structure for `t_sms_task`
-- ----------------------------
DROP TABLE IF EXISTS `t_sms_task`;
CREATE TABLE `t_sms_task` (
  `id` int(11) NOT NULL AUTO_INCREMENT,
  `taskName` varchar(50) DEFAULT NULL,
  `smsModel` varchar(1000) DEFAULT NULL,
  `procdefId` varchar(300) DEFAULT NULL,
  `groupId` varchar(20) DEFAULT NULL,
  `createUser` varchar(5) DEFAULT NULL,
  `client` varchar(5) DEFAULT NULL,
  `type` int(5) DEFAULT NULL,
  `msg` varchar(10) DEFAULT NULL,
  PRIMARY KEY (`id`)
) ENGINE=InnoDB DEFAULT CHARSET=utf8;

-- ----------------------------
-- Records of t_sms_task
-- ----------------------------

-- ----------------------------
-- Table structure for `t_tree`
-- ----------------------------
DROP TABLE IF EXISTS `t_tree`;
CREATE TABLE `t_tree` (
  `id` int(11) DEFAULT NULL,
  `text` varchar(46) DEFAULT NULL,
  `father` int(11) DEFAULT NULL,
  `url` varchar(500) DEFAULT NULL,
  `state` varchar(46) DEFAULT NULL,
  `iconCls` varchar(46) DEFAULT NULL,
  `permissions` varchar(100) DEFAULT NULL,
  `dd_id` varchar(46) DEFAULT NULL
) ENGINE=InnoDB DEFAULT CHARSET=utf8;

-- ----------------------------
-- Records of t_tree
-- ----------------------------
INSERT INTO t_tree VALUES ('99', '', '-1', null, 'close', null, null, null);
INSERT INTO t_tree VALUES ('6', '', '-1', null, 'close', null, null, null);
INSERT INTO t_tree VALUES ('61005', '', '6', '/config/pc/manage', 'opend', '&#xe60a;', null, 'config');
INSERT INTO t_tree VALUES ('61007', '', '6', '/user/pc/manage', 'opend', '&#xe613;', null, 'user');
INSERT INTO t_tree VALUES ('61009', '& ', '6', '/group/pc/manage', 'opend', '&#xe64c;', null, 'group');
INSERT INTO t_tree VALUES ('5', '', '-1', null, 'close', null, null, null);
INSERT INTO t_tree VALUES ('51002', '', '5', '/deploy/pc/manage', 'opend', '&#xe609;', null, 'deploy');
INSERT INTO t_tree VALUES ('51005', '', '5', '/procedef/pc/manage', 'opend', '&#xe614;', null, 'procedef');
INSERT INTO t_tree VALUES ('991001', '', '99', null, 'opend', '&#x1006;', 'xiaoshou:all', null);
INSERT INTO t_tree VALUES ('7', '', '-1', null, 'close', null, null, null);
INSERT INTO t_tree VALUES ('71003', '', '7', '/xiaoshou/pc/manage', 'opend', '&#xe63c;', null, 'xiaoshou');
INSERT INTO t_tree VALUES ('991005', '', '99', null, 'opend', '&#x1006;', 'renwu:close', null);
INSERT INTO t_tree VALUES ('61011', '', '6', '/installpos/pc/manage', 'opend', '&#x1006;', null, 'installpos');
INSERT INTO t_tree VALUES ('61013', '', '6', '/jixing/pc/manage', 'opend', '&#x1006;', null, 'jixing');
INSERT INTO t_tree VALUES ('61015', '', '6', '/shuiyuan/pc/manage', 'opend', '&#x1006;', null, 'shuiyuan');
INSERT INTO t_tree VALUES ('61017', '', '6', '/guzhang/pc/manage', 'opend', '&#x1006;', null, 'guzhang');
INSERT INTO t_tree VALUES ('61019', '', '6', '/fendian/pc/manage', 'opend', '&#x1006;', null, 'fendian');
INSERT INTO t_tree VALUES ('991003', '', '99', null, 'opend', '&#x1006;', 'xiaoshou:dianpu', null);
INSERT INTO t_tree VALUES ('71005', '', '7', '/xiaoshou/pc/manage?fendian=1', 'opend', '&#xe63c;', null, 'fendian_xiaoshou');

-- ----------------------------
-- Table structure for `t_wx_msg`
-- ----------------------------
DROP TABLE IF EXISTS `t_wx_msg`;
CREATE TABLE `t_wx_msg` (
  `id` int(11) NOT NULL AUTO_INCREMENT,
  `taskName` varchar(50) DEFAULT NULL,
  `procdefId` varchar(100) DEFAULT NULL,
  `groupId` varchar(40) DEFAULT NULL,
  `createUser` varchar(10) DEFAULT NULL,
  `type` int(11) DEFAULT NULL,
  `msg` varchar(50) DEFAULT NULL,
  PRIMARY KEY (`id`)
) ENGINE=InnoDB DEFAULT CHARSET=utf8;

-- ----------------------------
-- Records of t_wx_msg
-- ----------------------------

-- ----------------------------
-- Table structure for `t_wx_user`
-- ----------------------------
DROP TABLE IF EXISTS `t_wx_user`;
CREATE TABLE `t_wx_user` (
  `openid` varchar(64) NOT NULL,
  `nickname` varchar(50) DEFAULT NULL,
  `sex` varchar(5) DEFAULT NULL,
  `language` varchar(50) DEFAULT NULL,
  `city` varchar(50) DEFAULT NULL,
  `province` varchar(50) DEFAULT NULL,
  `country` varchar(50) DEFAULT NULL,
  `headimgurl` varchar(500) DEFAULT NULL,
  `createDateTime` datetime DEFAULT NULL,
  `daka_count` int(11) DEFAULT NULL,
  `treeIds` varchar(200) DEFAULT NULL,
  `trueOpenid` varchar(100) DEFAULT NULL,
  `fendianId` int(11) DEFAULT NULL,
  PRIMARY KEY (`openid`)
) ENGINE=InnoDB DEFAULT CHARSET=utf8;

-- ----------------------------
-- Records of t_wx_user
-- ----------------------------
INSERT INTO t_wx_user VALUES ('001', null, null, null, null, null, null, null, '2017-08-07 12:04:00', '1', '5,51002,51005,6,61005,61007,61009,61011,61013,61015,61017,61019,7,71003,71005,99,991001,991003,991005', null, '1');
INSERT INTO t_wx_user VALUES ('002', null, null, null, null, null, null, null, '2017-08-09 09:15:50', '1', '991001,991003', null, '2');
INSERT INTO t_wx_user VALUES ('zuidaima', null, null, null, null, null, null, null, '2018-06-27 20:54:54', '1', '', null, null);

-- ----------------------------
-- Table structure for `t_xiaoshou`
-- ----------------------------
DROP TABLE IF EXISTS `t_xiaoshou`;
CREATE TABLE `t_xiaoshou` (
  `id` int(11) NOT NULL AUTO_INCREMENT,
  `clientName` varchar(30) DEFAULT NULL,
  `clientPhone` varchar(30) DEFAULT NULL,
  `clientAddress` varchar(100) DEFAULT NULL,
  `jixingId` int(11) DEFAULT NULL,
  `shuiyuanId` int(11) DEFAULT NULL,
  `shuiya` varchar(50) DEFAULT NULL,
  `installPosId` int(11) DEFAULT NULL,
  `install_` varchar(20) DEFAULT NULL,
  `ding_jine` decimal(10,2) DEFAULT NULL,
  `yu_jine` decimal(10,2) DEFAULT NULL,
  `remark` text,
  `renwuId` int(11) DEFAULT NULL,
  `baidu_x` varchar(50) DEFAULT NULL,
  `baidu_y` varchar(50) DEFAULT NULL,
  `ticheng` varchar(50) DEFAULT NULL,
  `ticheng_jine` decimal(10,2) DEFAULT NULL,
  `last_change_xin_dataTime` datetime DEFAULT NULL,
  PRIMARY KEY (`id`)
) ENGINE=InnoDB AUTO_INCREMENT=10 DEFAULT CHARSET=utf8;

-- ----------------------------
-- Records of t_xiaoshou
-- ----------------------------
INSERT INTO t_xiaoshou VALUES ('7', '1', '1', '', '3', '2', '1', '3', '', '1.00', '1.00', '1', '81', '112.839055', '34.184285', '', '0.00', '2017-08-10 09:18:11');
INSERT INTO t_xiaoshou VALUES ('8', '100', '100', '100', '1', '1', '100', '1', '', '100.00', '100.00', '100', '82', null, null, '', '0.00', '2017-08-10 09:18:12');
INSERT INTO t_xiaoshou VALUES ('9', '200', '200', '200', '1', '1', '20', '1', '', '200.00', '200.00', '200', '83', '112.866683', '34.172988', '', '0.00', '2017-08-10 09:18:14');
